Overs,Mdns,Runs,Wkts,Econ,Ave,SR,Opposition,Ground,StartDate,Player
55,18,142,3,2.58,47.33,110,New Zealand,Perth,12 Nov 1993,mcgrath
41,8,111,3,2.7,37,82,New Zealand,Brisbane,3 Dec 1993,mcgrath
33,8,62,2,1.87,31,99,South Africa,Sydney,2 Jan 1994,mcgrath
42.1,10,91,4,2.15,22.75,63.2,South Africa,Cape Town,17 Mar 1994,mcgrath
41,11,78,0,1.9,-,-,South Africa,Durban,25 Mar 1994,mcgrath
31,8,88,2,2.83,44,93,Pakistan,Karachi,28 Sep 1994,mcgrath
49.1,7,157,5,3.19,31.4,59,Pakistan,Lahore,1 Nov 1994,mcgrath
29,6,101,0,3.48,-,-,England,Brisbane,25 Nov 1994,mcgrath
38,10,128,6,3.36,21.33,38,England,Perth,3 Feb 1995,mcgrath
34.1,7,114,8,3.33,14.25,25.6,West Indies,Bridgetown,31 Mar 1995,mcgrath
26.1,7,79,1,3.01,79,157,West Indies,St John's,8 Apr 1995,mcgrath
27.5,12,69,6,2.47,11.5,27.8,West Indies,Port of Spain,21 Apr 1995,mcgrath
33,6,107,2,3.24,53.5,99,West Indies,Kingston,29 Apr 1995,mcgrath
39,10,109,5,2.79,21.8,46.8,Pakistan,Brisbane,9 Nov 1995,mcgrath
43.3,11,107,8,2.45,13.37,32.6,Pakistan,Hobart,17 Nov 1995,mcgrath
39.2,4,126,2,3.2,63,118,Pakistan,Sydney,30 Nov 1995,mcgrath
48,10,167,7,3.47,23.85,41.1,Sri Lanka,Perth,8 Dec 1995,mcgrath
57.3,15,132,7,2.29,18.85,49.2,Sri Lanka,Melbourne,26 Dec 1995,mcgrath
49.2,10,139,7,2.81,19.85,42.2,Sri Lanka,Adelaide,25 Jan 1996,mcgrath
36,12,86,2,2.38,43,108,India,Delhi,10 Oct 1996,mcgrath
50.5,19,92,6,1.8,15.33,50.8,West Indies,Brisbane,22 Nov 1996,mcgrath
48,16,118,7,2.45,16.85,41.1,West Indies,Sydney,29 Nov 1996,mcgrath
39,12,91,8,2.33,11.37,29.2,West Indies,Melbourne,26 Dec 1996,mcgrath
29,8,52,3,1.79,17.33,58,West Indies,Adelaide,25 Jan 1997,mcgrath
34,6,100,2,2.94,50,102,West Indies,Perth,1 Feb 1997,mcgrath
36,13,94,4,2.61,23.5,54,South Africa,Johannesburg,28 Feb 1997,mcgrath
35,10,109,3,3.11,36.33,70,South Africa,Port Elizabeth,14 Mar 1997,mcgrath
40.4,15,86,6,2.11,14.33,40.6,South Africa,Centurion,21 Mar 1997,mcgrath
39,9,149,2,3.82,74.5,117,England,Birmingham,5 Jun 1997,mcgrath
40.3,13,103,9,2.54,11.44,27,England,Lord's,19 Jun 1997,mcgrath
44.4,13,86,7,1.92,12.28,38.2,England,Manchester,3 Jul 1997,mcgrath
44,10,147,4,3.34,36.75,66,England,Leeds,24 Jul 1997,mcgrath
43.4,13,107,7,2.45,15.28,37.4,England,Nottingham,7 Aug 1997,mcgrath
38,9,109,7,2.86,15.57,32.5,England,The Oval,21 Aug 1997,mcgrath
49.2,12,128,7,2.59,18.28,42.2,New Zealand,Brisbane,7 Nov 1997,mcgrath
45,20,77,2,1.71,38.5,135,South Africa,Melbourne,26 Dec 1997,mcgrath
25,8,59,2,2.36,29.5,75,South Africa,Sydney,2 Jan 1998,mcgrath
41.5,9,107,4,2.55,26.75,62.7,Pakistan,Rawalpindi,1 Oct 1998,mcgrath
36,8,131,3,3.63,43.66,72,Pakistan,Peshawar,15 Oct 1998,mcgrath
43,17,106,5,2.46,21.2,51.6,Pakistan,Karachi,22 Oct 1998,mcgrath
50.2,17,115,7,2.28,16.42,43.1,England,Brisbane,20 Nov 1998,mcgrath
42,14,84,3,2,28,84,England,Perth,28 Nov 1998,mcgrath
35,4,98,6,2.8,16.33,35,England,Adelaide,11 Dec 1998,mcgrath
42.2,10,120,5,2.83,24,50.8,England,Melbourne,26 Dec 1998,mcgrath
27,7,75,3,2.77,25,54,England,Sydney,2 Jan 1999,mcgrath
24,6,78,10,3.25,7.8,14.4,West Indies,Port of Spain,5 Mar 1999,mcgrath
35.3,11,96,5,2.7,19.2,42.6,West Indies,Kingston,13 Mar 1999,mcgrath
77,18,220,9,2.85,24.44,51.3,West Indies,Bridgetown,26 Mar 1999,mcgrath
63.1,24,114,6,1.8,19,63.1,West Indies,St John's,3 Apr 1999,mcgrath
25,7,85,2,3.4,42.5,75,Sri Lanka,Kandy,9 Sep 1999,mcgrath
33.5,9,104,3,3.07,34.66,67.6,Sri Lanka,Galle,22 Sep 1999,mcgrath
10,3,25,1,2.5,25,60,Sri Lanka,Colombo (SSC),30 Sep 1999,mcgrath
54,19,90,6,1.66,15,54,Zimbabwe,Harare,14 Oct 1999,mcgrath
49,13,179,4,3.65,44.75,73.5,Pakistan,Brisbane,5 Nov 1999,mcgrath
45,16,121,3,2.68,40.33,90,Pakistan,Hobart,18 Nov 1999,mcgrath
40,8,93,7,2.32,13.28,34.2,Pakistan,Perth,26 Nov 1999,mcgrath
42,15,84,5,2,16.8,50.4,India,Adelaide,10 Dec 1999,mcgrath
35.1,11,61,3,1.73,20.33,70.3,India,Melbourne,26 Dec 1999,mcgrath
35.5,8,103,10,2.87,10.3,21.5,India,Sydney,2 Jan 2000,mcgrath
34.1,10,66,5,1.93,13.2,41,New Zealand,Auckland,11 Mar 2000,mcgrath
39.2,15,95,1,2.41,95,236,New Zealand,Wellington,24 Mar 2000,mcgrath
41.5,15,108,6,2.58,18,41.8,New Zealand,Hamilton,31 Mar 2000,mcgrath
33,21,27,10,0.81,2.7,19.8,West Indies,Brisbane,23 Nov 2000,mcgrath
37,9,74,4,2,18.5,55.5,West Indies,Perth,1 Dec 2000,mcgrath
45.5,15,110,3,2.4,36.66,91.6,West Indies,Adelaide,15 Dec 2000,mcgrath
25,13,25,0,1,-,-,West Indies,Melbourne,26 Dec 2000,mcgrath
43,11,123,4,2.86,30.75,64.5,West Indies,Sydney,2 Jan 2001,mcgrath
36.1,22,44,5,1.21,8.8,43.4,India,Mumbai,27 Feb 2001,mcgrath
53,20,121,7,2.28,17.28,45.4,India,Kolkata,11 Mar 2001,mcgrath
47.1,18,96,5,2.03,19.2,56.6,India,Chennai,18 Mar 2001,mcgrath
30.3,7,101,4,3.31,25.25,45.7,England,Birmingham,5 Jul 2001,mcgrath
43,13,114,8,2.65,14.25,32.2,England,Lord's,19 Jul 2001,mcgrath
29,7,80,5,2.75,16,34.8,England,Nottingham,2 Aug 2001,mcgrath
46.2,12,137,8,2.95,17.12,34.7,England,Leeds,16 Aug 2001,mcgrath
45.3,17,110,7,2.41,15.71,39,England,The Oval,23 Aug 2001,mcgrath
46,10,146,1,3.17,146,276,New Zealand,Brisbane,8 Nov 2001,mcgrath
27,12,46,2,1.7,23,81,New Zealand,Hobart,22 Nov 2001,mcgrath
44,15,135,2,3.06,67.5,132,New Zealand,Perth,30 Nov 2001,mcgrath
47,18,107,6,2.27,17.83,47,South Africa,Adelaide,14 Dec 2001,mcgrath
47,14,113,4,2.4,28.25,70.5,South Africa,Melbourne,26 Dec 2001,mcgrath
45,11,130,4,2.88,32.5,67.5,South Africa,Sydney,2 Jan 2002,mcgrath
26.3,10,49,8,1.84,6.12,19.8,South Africa,Johannesburg,22 Feb 2002,mcgrath
45,11,98,3,2.17,32.66,90,South Africa,Cape Town,8 Mar 2002,mcgrath
39,15,80,1,2.05,80,234,South Africa,Durban,15 Mar 2002,mcgrath
39.2,15,78,4,1.98,19.5,59,Pakistan,Colombo (PSS),3 Oct 2002,mcgrath
13,6,15,3,1.15,5,26,Pakistan,Sharjah,11 Oct 2002,mcgrath
23,6,59,7,2.56,8.42,19.7,Pakistan,Sharjah,19 Oct 2002,mcgrath
42,12,123,8,2.92,15.37,31.5,England,Brisbane,7 Nov 2002,mcgrath
47.2,17,118,5,2.49,23.6,56.8,England,Adelaide,21 Nov 2002,mcgrath
38,14,54,4,1.42,13.5,57,England,Perth,29 Nov 2002,mcgrath
35,10,85,2,2.42,42.5,105,England,Melbourne,26 Dec 2002,mcgrath
36,11,64,0,1.77,-,-,West Indies,Bridgetown,1 May 2003,mcgrath
42,16,94,3,2.23,31.33,84,West Indies,St John's,9 May 2003,mcgrath
23,6,45,4,1.95,11.25,34.5,Bangladesh,Darwin,18 Jul 2003,mcgrath
32.1,11,79,1,2.45,79,193,Bangladesh,Cairns,25 Jul 2003,mcgrath
31,13,61,7,1.96,8.71,26.5,Sri Lanka,Darwin,1 Jul 2004,mcgrath
50,17,110,3,2.2,36.66,100,Sri Lanka,Cairns,9 Jul 2004,mcgrath
45,18,94,6,2.08,15.66,45,India,Bangalore,6 Oct 2004,mcgrath
27,4,92,0,3.4,-,-,India,Chennai,14 Oct 2004,mcgrath
41,14,106,5,2.58,21.2,49.2,India,Nagpur,26 Oct 2004,mcgrath
28,15,64,3,2.28,21.33,56,India,Mumbai,3 Nov 2004,mcgrath
35,5,86,3,2.45,28.66,70,New Zealand,Brisbane,18 Nov 2004,mcgrath
32.1,5,98,6,3.04,16.33,32.1,New Zealand,Adelaide,26 Nov 2004,mcgrath
35,15,68,9,1.94,7.55,23.3,Pakistan,Perth,16 Dec 2004,mcgrath
39.2,13,89,5,2.26,17.8,47.2,Pakistan,Melbourne,26 Dec 2004,mcgrath
32.4,7,103,4,3.15,25.75,49,Pakistan,Sydney,2 Jan 2005,mcgrath
56,16,134,7,2.39,19.14,48,New Zealand,Christchurch,10 Mar 2005,mcgrath
20,6,60,4,3,15,30,New Zealand,Wellington,18 Mar 2005,mcgrath
50.2,25,89,7,1.76,12.71,43.1,New Zealand,Auckland,26 Mar 2005,mcgrath
35.1,7,82,9,2.33,9.11,23.4,England,Lord's,21 Jul 2005,mcgrath
45.5,7,201,5,4.38,40.2,55,England,Manchester,11 Aug 2005,mcgrath
53,8,157,5,2.96,31.4,63.6,England,The Oval,8 Sep 2005,mcgrath
18,7,42,3,2.33,14,36,ICC World XI,Sydney,14 Oct 2005,mcgrath
33,6,94,4,2.84,23.5,49.5,West Indies,Brisbane,3 Nov 2005,mcgrath
48,22,60,6,1.25,10,48,West Indies,Hobart,17 Nov 2005,mcgrath
48,11,131,3,2.72,43.66,96,West Indies,Adelaide,25 Nov 2005,mcgrath
42,14,98,1,2.33,98,252,South Africa,Perth,16 Dec 2005,mcgrath
42,16,101,4,2.4,25.25,63,South Africa,Melbourne,26 Dec 2005,mcgrath
49,19,126,3,2.57,42,98,South Africa,Sydney,2 Jan 2006,mcgrath
42.1,11,103,7,2.44,14.71,36.1,England,Brisbane,23 Nov 2006,mcgrath
40,11,122,2,3.05,61,120,England,Adelaide,1 Dec 2006,mcgrath
45,14,109,4,2.42,27.25,67.5,England,Perth,14 Dec 2006,mcgrath
32,10,63,2,1.96,31.5,96,England,Melbourne,26 Dec 2006,mcgrath
50,19,105,6,2.1,17.5,50,England,Sydney,2 Jan 2007,mcgrath
67,21,198,9,2.95,22,44.6,West Indies,Bridgetown,21 Jan 1948,laker
36,10,108,2,3,54,108,West Indies,Port of Spain,11 Feb 1948,laker
45,12,128,4,2.84,32,67.5,West Indies,Georgetown,3 Mar 1948,laker
38.4,5,114,3,2.94,38,77.3,West Indies,Kingston,27 Mar 1948,laker
55,14,138,4,2.5,34.5,82.5,Australia,Nottingham,10 Jun 1948,laker
38.2,9,128,2,3.33,64,115,Australia,Lord's,24 Jun 1948,laker
62,19,206,3,3.32,68.66,124,Australia,Leeds,22 Jul 1948,laker
32,6,89,4,2.78,22.25,48,New Zealand,The Oval,13 Aug 1949,laker
31,9,86,1,2.77,86,186,West Indies,Manchester,8 Jun 1950,laker
46,10,89,4,1.93,22.25,69,South Africa,Manchester,5 Jul 1951,laker
65,20,119,10,1.83,11.9,39,South Africa,The Oval,16 Aug 1951,laker
35.3,13,56,4,1.57,14,53.2,India,Leeds,5 Jun 1952,laker
51,20,123,4,2.41,30.75,76.5,India,Lord's,19 Jun 1952,laker
2,0,7,0,3.5,-,-,India,Manchester,17 Jul 1952,laker
2,0,3,0,1.5,-,-,India,The Oval,14 Aug 1952,laker
26,8,53,3,2.03,17.66,52,Australia,Manchester,9 Jul 1953,laker
11,1,50,1,4.54,50,66,Australia,Leeds,23 Jul 1953,laker
21.5,2,109,5,4.99,21.8,26.2,Australia,The Oval,15 Aug 1953,laker
60.1,19,143,4,2.37,35.75,90.2,West Indies,Bridgetown,6 Feb 1954,laker
57,29,88,4,1.54,22,85.5,West Indies,Georgetown,24 Feb 1954,laker
50,8,154,2,3.08,77,150,West Indies,Port of Spain,17 Mar 1954,laker
54,28,84,4,1.55,21,81,West Indies,Kingston,30 Mar 1954,laker
32.2,17,39,2,1.2,19.5,97,Pakistan,Lord's,10 Jun 1954,laker
60.4,31,84,7,1.38,12,52,South Africa,The Oval,13 Aug 1955,laker
59.1,30,87,6,1.47,14.5,59.1,Australia,Nottingham,7 Jun 1956,laker
36.1,13,64,3,1.76,21.33,72.3,Australia,Lord's,21 Jun 1956,laker
70.3,31,113,11,1.6,10.27,38.4,Australia,Leeds,12 Jul 1956,laker
68,27,90,19,1.32,4.73,21.4,Australia,Manchester,26 Jul 1956,laker
50,26,88,7,1.76,12.57,42.8,Australia,The Oval,23 Aug 1956,laker
23,11,38,2,1.23,19,92,South Africa,Johannesburg,24 Dec 1956,laker
42.1,17,72,3,1.28,24,112.3,South Africa,Cape Town,1 Jan 1957,laker
30,8,76,2,1.9,38,120,South Africa,Durban,25 Jan 1957,laker
22,4,75,2,2.55,37.5,88,South Africa,Johannesburg,15 Feb 1957,laker
28,6,63,2,1.68,31.5,112,South Africa,Port Elizabeth,1 Mar 1957,laker
78,37,132,6,1.69,22,78,West Indies,Birmingham,30 May 1957,laker
105,41,199,4,1.89,49.75,157.5,West Indies,Nottingham,4 Jul 1957,laker
23.2,5,40,3,1.71,13.33,46.6,West Indies,Leeds,25 Jul 1957,laker
40,16,77,5,1.92,15.4,48,West Indies,The Oval,22 Aug 1957,laker
14,6,23,2,1.64,11.5,42,New Zealand,Birmingham,5 Jun 1958,laker
25,14,37,5,1.48,7.4,30,New Zealand,Lord's,19 Jun 1958,laker
58,34,44,8,0.75,5.5,43.5,New Zealand,Leeds,3 Jul 1958,laker
34,13,69,2,2.02,34.5,102,New Zealand,The Oval,21 Aug 1958,laker
27.1,6,54,3,1.49,18,72.3,Australia,Brisbane,5 Dec 1958,laker
16,2,54,1,2.53,54,128,Australia,Melbourne,31 Dec 1958,laker
54,12,117,7,1.62,16.71,61.7,Australia,Sydney,9 Jan 1959,laker
30.5,4,93,4,2.27,23.25,61.2,Australia,Melbourne,13 Feb 1959,laker
35.3,0,124,5,2.62,24.8,56.6,England,Adelaide,29 Jan 1971,lillee
27,5,75,3,2.08,25,72,England,Sydney,12 Feb 1971,lillee
59,22,106,8,1.79,13.25,44.2,England,Manchester,8 Jun 1972,lillee
49,9,140,4,2.85,35,73.5,England,Lord's,22 Jun 1972,lillee
54,25,75,6,1.38,12.5,54,England,Nottingham,13 Jul 1972,lillee
31.1,12,46,3,1.47,15.33,62.3,England,Leeds,27 Jul 1972,lillee
56.4,15,181,10,3.19,18.1,34,England,The Oval,10 Aug 1972,lillee
35.3,10,102,5,2.16,20.4,56.6,Pakistan,Adelaide,22 Dec 1972,lillee
27.6,2,149,3,4.02,49.66,74,Pakistan,Melbourne,29 Dec 1972,lillee
33,7,102,4,2.31,25.5,66,Pakistan,Sydney,6 Jan 1973,lillee
32,5,132,0,4.12,-,-,West Indies,Kingston,16 Feb 1973,lillee
35,8,98,4,2.1,24.5,70,England,Brisbane,29 Nov 1974,lillee
38,9,107,4,2.11,26.75,76,England,Perth,13 Dec 1974,lillee
37,5,125,4,2.53,31.25,74,England,Melbourne,26 Dec 1974,lillee
40.1,7,131,4,2.44,32.75,80.2,England,Sydney,4 Jan 1975,lillee
26.5,5,118,8,3.32,14.75,26.6,England,Adelaide,25 Jan 1975,lillee
6,2,17,1,2.12,17,48,England,Melbourne,8 Feb 1975,lillee
35,16,60,7,1.71,8.57,30,England,Birmingham,10 Jul 1975,lillee
53,14,164,5,3.09,32.8,63.6,England,Lord's,31 Jul 1975,lillee
48,17,101,3,2.1,33.66,96,England,Leeds,14 Aug 1975,lillee
71,25,135,6,1.9,22.5,71,England,The Oval,28 Aug 1975,lillee
27,3,156,6,4.33,26,36,West Indies,Brisbane,28 Nov 1975,lillee
20,0,123,2,4.61,61.5,80,West Indies,Perth,12 Dec 1975,lillee
29,3,126,7,3.25,18,33.1,West Indies,Melbourne,26 Dec 1975,lillee
24,0,132,4,4.12,33,48,West Indies,Adelaide,23 Jan 1976,lillee
29.3,1,175,8,4.46,21.87,29.3,West Indies,Melbourne,31 Jan 1976,lillee
66.7,11,267,6,2.99,44.5,89.1,Pakistan,Adelaide,24 Dec 1976,lillee
37,5,135,10,2.73,13.5,29.6,Pakistan,Melbourne,1 Jan 1977,lillee
26.3,0,138,5,3.92,27.6,42.2,Pakistan,Sydney,14 Jan 1977,lillee
49.2,7,189,4,2.87,47.25,98.5,New Zealand,Christchurch,18 Feb 1977,lillee
33.2,6,123,11,2.77,11.18,24.1,New Zealand,Auckland,25 Feb 1977,lillee
47.7,9,165,11,2.58,15,34.8,England,Melbourne,12 Mar 1977,lillee
31.1,8,107,4,3.43,26.75,46.7,West Indies,Brisbane,1 Dec 1979,lillee
51,16,147,6,2.88,24.5,51,England,Perth,14 Dec 1979,lillee
39,7,105,3,2.69,35,78,West Indies,Melbourne,29 Dec 1979,lillee
38,10,103,6,2.71,17.16,38,England,Sydney,4 Jan 1980,lillee
50,9,153,5,3.06,30.6,60,West Indies,Adelaide,26 Jan 1980,lillee
66.1,15,138,11,2.08,12.54,36,England,Melbourne,1 Feb 1980,lillee
39,6,98,0,2.51,-,-,Pakistan,Karachi,27 Feb 1980,lillee
21,4,91,0,4.33,-,-,Pakistan,Faisalabad,6 Mar 1980,lillee
42,9,114,3,2.71,38,84,Pakistan,Lahore,18 Mar 1980,lillee
34,9,96,5,2.82,19.2,40.8,England,Lord's,28 Aug 1980,lillee
33,8,89,8,2.69,11.12,24.7,New Zealand,Brisbane,28 Nov 1980,lillee
39,12,77,7,1.97,11,33.4,New Zealand,Perth,12 Dec 1980,lillee
34,7,79,1,2.32,79,204,New Zealand,Melbourne,26 Dec 1980,lillee
38.2,5,165,7,4.3,23.57,32.8,India,Sydney,2 Jan 1981,lillee
53,17,118,6,2.22,19.66,53,India,Adelaide,23 Jan 1981,lillee
57.1,11,169,8,2.95,21.12,42.8,India,Melbourne,7 Feb 1981,lillee
29.4,5,80,8,2.69,10,22.2,England,Nottingham,18 Jun 1981,lillee
62.2,15,184,3,2.95,61.33,124.6,England,Lord's,2 Jul 1981,lillee
43.5,13,143,7,3.26,20.42,37.5,England,Leeds,16 Jul 1981,lillee
44,13,112,4,2.54,28,66,England,Birmingham,30 Jul 1981,lillee
70.1,21,192,6,2.73,32,70.1,England,Manchester,13 Aug 1981,lillee
61.4,14,159,11,2.57,14.45,33.6,England,The Oval,27 Aug 1981,lillee
29,6,96,6,3.31,16,29,Pakistan,Perth,13 Nov 1981,lillee
39,7,132,9,3.38,14.66,26,Pakistan,Brisbane,27 Nov 1981,lillee
36.3,9,104,0,2.84,-,-,Pakistan,Melbourne,11 Dec 1981,lillee
53.4,11,127,10,2.36,12.7,32.2,West Indies,Melbourne,26 Dec 1981,lillee
59,12,169,6,2.86,28.16,59,West Indies,Sydney,2 Jan 1982,lillee
8.5,3,21,0,2.37,-,-,West Indies,Adelaide,30 Jan 1982,lillee
15,5,32,0,2.13,-,-,New Zealand,Wellington,26 Feb 1982,lillee
52,12,138,4,2.65,34.5,78,New Zealand,Auckland,12 Mar 1982,lillee
12,6,13,3,1.08,4.33,24,New Zealand,Christchurch,19 Mar 1982,lillee
71,25,185,4,2.6,46.25,106.5,England,Perth,12 Nov 1982,lillee
30,6,107,3,3.56,35.66,60,Sri Lanka,Kandy,22 Apr 1983,lillee
42,9,82,1,1.95,82,252,Pakistan,Perth,11 Nov 1983,lillee
10,1,43,0,4.3,-,-,Pakistan,Brisbane,25 Nov 1983,lillee
50.2,8,171,6,3.39,28.5,50.3,Pakistan,Adelaide,9 Dec 1983,lillee
67,18,184,5,2.74,36.8,80.4,Pakistan,Melbourne,26 Dec 1983,lillee
61.1,15,153,8,2.5,19.12,45.8,Pakistan,Sydney,2 Jan 1984,lillee
47,5,136,3,2.89,45.33,94,Australia,Lord's,26 Jun 1926,larwood
48,14,116,6,2.41,19.33,48,Australia,The Oval,14 Aug 1926,larwood
15,4,27,1,1.8,27,90,West Indies,Lord's,23 Jun 1928,larwood
35,9,87,5,2.48,17.4,42,West Indies,The Oval,11 Aug 1928,larwood
21.4,4,62,8,2.86,7.75,16.2,Australia,Brisbane,30 Nov 1928,larwood
61.2,9,182,4,2.96,45.5,92,Australia,Sydney,14 Dec 1928,larwood
53,6,164,4,3.09,41,79.5,Australia,Melbourne,29 Dec 1928,larwood
57,10,152,1,2.66,152,342,Australia,Adelaide,1 Feb 1929,larwood
66.1,12,164,1,2.47,164,397,Australia,Melbourne,8 Mar 1929,larwood
53.4,23,69,5,1.28,13.8,64.4,South Africa,Birmingham,15 Jun 1929,larwood
32,7,82,2,2.56,41,96,South Africa,Lord's,29 Jun 1929,larwood
17,4,35,1,2.05,35,102,South Africa,Leeds,13 Jul 1929,larwood
20,9,21,2,1.05,10.5,60,Australia,Nottingham,13 Jun 1930,larwood
33,3,139,1,4.21,139,198,Australia,Leeds,11 Jul 1930,larwood
48,6,132,1,2.75,132,288,Australia,The Oval,16 Aug 1930,larwood
-,-,-,-,-,-,-,New Zealand,Manchester,15 Aug 1931,larwood
49,9,124,10,2.53,12.4,29.4,Australia,Sydney,2 Dec 1932,larwood
35.3,4,102,4,2.87,25.5,53.2,Australia,Melbourne,30 Dec 1932,larwood
44,9,126,7,2.86,18,37.7,Australia,Adelaide,13 Jan 1933,larwood
48.3,10,150,7,3.09,21.42,41.5,Australia,Brisbane,10 Feb 1933,larwood
43.2,10,142,5,3.27,28.4,52,Australia,Sydney,23 Feb 1933,larwood
45,7,150,1,3.33,150,270,India,Sydney,2 Jan 1992,warne
23,2,78,0,3.39,-,-,India,Adelaide,25 Jan 1992,warne
27.1,5,118,3,4.34,39.33,54.3,Sri Lanka,Colombo (SSC),17 Aug 1992,warne
11,3,40,0,3.63,-,-,Sri Lanka,Moratuwa,8 Sep 1992,warne
47.2,15,117,8,2.47,14.62,35.5,West Indies,Melbourne,26 Dec 1992,warne
41,6,116,1,2.82,116,246,West Indies,Sydney,2 Jan 1993,warne
8,2,29,1,3.62,29,48,West Indies,Adelaide,23 Jan 1993,warne
12,0,51,0,4.25,-,-,West Indies,Perth,30 Jan 1993,warne
48,19,86,7,1.79,12.28,41.1,New Zealand,Christchurch,25 Feb 1993,warne
69,34,108,4,1.56,27,103.5,New Zealand,Wellington,4 Mar 1993,warne
42,20,62,6,1.47,10.33,42,New Zealand,Auckland,12 Mar 1993,warne
73,36,137,8,1.87,17.12,54.7,England,Manchester,3 Jun 1993,warne
83.5,29,159,8,1.89,19.87,62.8,England,Lord's,17 Jun 1993,warne
90,38,182,6,2.02,30.33,90,England,Nottingham,1 Jul 1993,warne
63,25,106,1,1.68,106,378,England,Leeds,22 Jul 1993,warne
70,30,145,6,2.07,24.16,70,England,Birmingham,5 Aug 1993,warne
60,20,148,5,2.46,29.6,72,England,The Oval,19 Aug 1993,warne
50.1,12,113,1,2.25,113,301,New Zealand,Perth,12 Nov 1993,warne
37.5,14,67,9,1.77,7.44,25.2,New Zealand,Hobart,26 Nov 1993,warne
63.3,23,125,8,1.96,15.62,47.6,New Zealand,Brisbane,3 Dec 1993,warne
31,8,63,1,2.03,63,186,South Africa,Melbourne,26 Dec 1993,warne
69,25,128,12,1.85,10.66,34.5,South Africa,Sydney,2 Jan 1994,warne
75.1,30,116,5,1.54,23.2,90.2,South Africa,Adelaide,28 Jan 1994,warne
58.5,18,128,5,2.17,25.6,70.6,South Africa,Johannesburg,4 Mar 1994,warne
77,31,116,6,1.5,19.33,77,South Africa,Cape Town,17 Mar 1994,warne
55,20,92,4,1.67,23,82.5,South Africa,Durban,25 Mar 1994,warne
63.1,22,150,8,2.37,18.75,47.3,Pakistan,Karachi,28 Sep 1994,warne
46.4,14,114,1,2.44,114,280,Pakistan,Rawalpindi,5 Oct 1994,warne
71.5,14,240,9,3.34,26.66,47.8,Pakistan,Lahore,1 Nov 1994,warne
71.4,29,110,11,1.53,10,39,England,Brisbane,25 Nov 1994,warne
40.4,14,80,9,1.96,8.88,27.1,England,Melbourne,24 Dec 1994,warne
52,12,136,1,2.61,136,312,England,Sydney,1 Jan 1995,warne
61.5,18,154,4,2.49,38.5,92.7,England,Adelaide,26 Jan 1995,warne
30,11,69,2,2.3,34.5,90,England,Perth,3 Feb 1995,warne
38.3,7,121,5,3.14,24.2,46.2,West Indies,Bridgetown,31 Mar 1995,warne
35,9,101,3,2.88,33.66,70,West Indies,St John's,8 Apr 1995,warne
15.5,5,42,1,2.65,42,95,West Indies,Port of Spain,21 Apr 1995,warne
48.4,14,142,6,2.91,23.66,48.6,West Indies,Kingston,29 Apr 1995,warne
44,19,77,11,1.75,7,24,Pakistan,Brisbane,9 Nov 1995,warne
-,-,-,-,-,-,-,Pakistan,Hobart,17 Nov 1995,warne
71,33,121,8,1.7,15.12,53.2,Pakistan,Sydney,30 Nov 1995,warne
56.4,13,171,6,3.01,28.5,56.6,Sri Lanka,Perth,8 Dec 1995,warne
55,15,120,5,2.18,24,66,Sri Lanka,Melbourne,26 Dec 1995,warne
53,15,142,1,2.67,142,318,Sri Lanka,Adelaide,25 Jan 1996,warne
68,19,180,4,2.64,45,102,West Indies,Brisbane,22 Nov 1996,warne
63,18,160,7,2.53,22.85,54,West Indies,Sydney,29 Nov 1996,warne
31.1,3,89,3,2.85,29.66,62.3,West Indies,Melbourne,26 Dec 1996,warne
36,8,110,6,3.05,18.33,36,West Indies,Adelaide,25 Jan 1997,warne
19,8,55,2,2.89,27.5,57,West Indies,Perth,1 Feb 1997,warne
55.4,24,111,6,1.99,18.5,55.6,South Africa,Johannesburg,28 Feb 1997,warne
41.2,12,82,5,1.98,16.4,49.6,South Africa,Port Elizabeth,14 Mar 1997,warne
36,11,89,0,2.47,-,-,South Africa,Centurion,21 Mar 1997,warne
42.3,8,137,1,3.22,137,255,England,Birmingham,5 Jun 1997,warne
21,4,56,2,2.66,28,63,England,Lord's,19 Jun 1997,warne
60.4,22,111,9,1.82,12.33,40.4,England,Manchester,3 Jul 1997,warne
22,6,55,1,2.5,55,132,England,Leeds,24 Jul 1997,warne
48,12,129,7,2.68,18.42,41.1,England,Nottingham,7 Aug 1997,warne
43,17,89,4,2.06,22.25,64.5,England,The Oval,21 Aug 1997,warne
67,19,160,7,2.38,22.85,57.4,New Zealand,Brisbane,7 Nov 1997,warne
48.4,7,147,6,3.02,24.5,48.6,New Zealand,Perth,20 Nov 1997,warne
55,10,169,6,3.07,28.16,55,New Zealand,Hobart,27 Nov 1997,warne
86,26,161,6,1.87,26.83,86,South Africa,Melbourne,26 Dec 1997,warne
53.1,17,109,11,2.05,9.9,29,South Africa,Sydney,2 Jan 1998,warne
48,8,147,3,3.06,49,96,South Africa,Adelaide,30 Jan 1998,warne
65,18,207,5,3.18,41.4,78,India,Chennai,6 Mar 1998,warne
42,4,147,0,3.5,-,-,India,Kolkata,18 Mar 1998,warne
60,15,186,5,3.1,37.2,72,India,Bangalore,25 Mar 1998,warne
39,7,110,2,2.82,55,117,England,Sydney,2 Jan 1999,warne
14,4,35,0,2.5,-,-,West Indies,Port of Spain,5 Mar 1999,warne
30,8,94,1,3.13,94,180,West Indies,Kingston,13 Mar 1999,warne
39.5,6,139,1,3.48,139,239,West Indies,Bridgetown,26 Mar 1999,warne
22.5,7,70,5,3.06,14,27.4,Sri Lanka,Kandy,9 Sep 1999,warne
28.2,12,34,3,1.2,11.33,56.6,Sri Lanka,Galle,22 Sep 1999,warne
5,1,11,0,2.2,-,-,Sri Lanka,Colombo (SSC),30 Sep 1999,warne
53.1,13,137,6,2.57,22.83,53.1,Zimbabwe,Harare,14 Oct 1999,warne
53.1,19,153,3,2.87,51,106.3,Pakistan,Brisbane,5 Nov 1999,warne
61.5,17,155,8,2.5,19.37,46.3,Pakistan,Hobart,18 Nov 1999,warne
15,1,62,1,4.13,62,90,Pakistan,Perth,26 Nov 1999,warne
52,18,113,6,2.17,18.83,52,India,Adelaide,10 Dec 1999,warne
50,12,140,2,2.8,70,150,India,Melbourne,26 Dec 1999,warne
25,5,82,0,3.28,-,-,India,Sydney,2 Jan 2000,warne
42.3,9,148,5,3.48,29.6,51,New Zealand,Auckland,11 Mar 2000,warne
41.5,8,160,7,3.82,22.85,35.8,New Zealand,Wellington,24 Mar 2000,warne
45,16,106,3,2.35,35.33,90,New Zealand,Hamilton,31 Mar 2000,warne
50,18,107,5,2.14,21.4,60,India,Mumbai,27 Feb 2001,warne
54.1,6,217,3,4,72.33,108.3,India,Kolkata,11 Mar 2001,warne
48,7,181,2,3.77,90.5,144,India,Chennai,18 Mar 2001,warne
29.1,8,100,8,3.42,12.5,21.8,England,Birmingham,5 Jul 2001,warne
25.3,4,74,3,2.9,24.66,51,England,Lord's,19 Jul 2001,warne
34,9,70,8,2.05,8.75,25.5,England,Nottingham,2 Aug 2001,warne
34.2,5,107,1,3.11,107,206,England,Leeds,16 Aug 2001,warne
72.2,15,229,11,3.16,20.81,39.4,England,The Oval,23 Aug 2001,warne
36,4,150,3,4.16,50,72,New Zealand,Brisbane,8 Nov 2001,warne
24.2,3,70,1,2.87,70,146,New Zealand,Hobart,22 Nov 2001,warne
64,12,210,2,3.28,105,192,New Zealand,Perth,30 Nov 2001,warne
68.4,16,170,8,2.47,21.25,51.5,South Africa,Adelaide,14 Dec 2001,warne
43,6,124,3,2.88,41.33,86,South Africa,Melbourne,26 Dec 2001,warne
61.5,13,179,6,2.89,29.83,61.8,South Africa,Sydney,2 Jan 2002,warne
21,3,70,6,3.33,11.66,21,South Africa,Johannesburg,22 Feb 2002,warne
98,25,231,8,2.35,28.87,73.5,South Africa,Cape Town,8 Mar 2002,warne
43,10,141,6,3.27,23.5,43,South Africa,Durban,15 Mar 2002,warne
55,10,188,11,3.41,17.09,30,Pakistan,Colombo (PSS),3 Oct 2002,warne
17.5,6,24,8,1.34,3,13.3,Pakistan,Sharjah,11 Oct 2002,warne
51.1,13,130,8,2.54,16.25,38.3,Pakistan,Sharjah,19 Oct 2002,warne
37.1,7,116,4,3.12,29,55.7,England,Brisbane,7 Nov 2002,warne
59,17,129,7,2.18,18.42,50.5,England,Adelaide,21 Nov 2002,warne
35,5,102,3,2.91,34,70,England,Perth,29 Nov 2002,warne
57.4,14,159,10,2.75,15.9,34.6,Sri Lanka,Galle,8 Mar 2004,warne
41.2,5,155,10,3.75,15.5,24.8,Sri Lanka,Kandy,16 Mar 2004,warne
69,18,207,6,3,34.5,69,Sri Lanka,Colombo (SSC),24 Mar 2004,warne
25.5,3,81,3,3.13,27,51.6,Sri Lanka,Darwin,1 Jul 2004,warne
75,21,199,7,2.65,28.42,64.2,Sri Lanka,Cairns,9 Jul 2004,warne
60,12,193,4,3.21,48.25,90,India,Bangalore,6 Oct 2004,warne
42.3,5,125,6,2.94,20.83,42.5,India,Chennai,14 Oct 2004,warne
37.3,10,103,4,2.74,25.75,56.2,India,Nagpur,26 Oct 2004,warne
39.5,6,112,8,2.81,14,29.8,New Zealand,Brisbane,18 Nov 2004,warne
55.3,11,144,3,2.59,48,111,New Zealand,Adelaide,26 Nov 2004,warne
21,9,38,3,1.8,12.66,42,Pakistan,Perth,16 Dec 2004,warne
53.3,9,169,6,3.15,28.16,53.5,Pakistan,Melbourne,26 Dec 2004,warne
50,6,195,5,3.9,39,60,Pakistan,Sydney,2 Jan 2005,warne
54,9,151,7,2.79,21.57,46.2,New Zealand,Christchurch,10 Mar 2005,warne
31.3,7,83,3,2.63,27.66,63,New Zealand,Wellington,18 Mar 2005,warne
46,9,140,7,3.04,20,39.4,New Zealand,Auckland,26 Mar 2005,warne
27,4,83,6,3.07,13.83,27,England,Lord's,21 Jul 2005,warne
48.3,11,162,10,3.34,16.2,29.1,England,Birmingham,4 Aug 2005,warne
58.2,8,173,4,2.96,43.25,87.5,England,Manchester,11 Aug 2005,warne
43,6,133,8,3.09,16.62,32.2,England,Nottingham,25 Aug 2005,warne
76,8,246,12,3.23,20.5,38,England,The Oval,8 Sep 2005,warne
31,7,71,6,2.29,11.83,31,ICC World XI,Sydney,14 Oct 2005,warne
30,10,49,5,1.63,9.8,36,West Indies,Brisbane,3 Nov 2005,warne
50,6,160,4,3.2,40,75,West Indies,Hobart,17 Nov 2005,warne
52.2,11,157,7,3,22.42,44.8,West Indies,Adelaide,25 Nov 2005,warne
76,25,175,6,2.3,29.16,76,South Africa,Perth,16 Dec 2005,warne
49,14,136,6,2.77,22.66,49,South Africa,Melbourne,26 Dec 2005,warne
47,6,151,2,3.21,75.5,141,South Africa,Sydney,2 Jan 2006,warne
27.5,1,118,3,4.23,39.33,55.6,South Africa,Cape Town,16 Mar 2006,warne
60.5,11,166,8,2.72,20.75,45.6,South Africa,Durban,24 Mar 2006,warne
39,7,139,4,3.56,34.75,58.5,South Africa,Johannesburg,31 Mar 2006,warne
33,5,140,3,4.24,46.66,66,Bangladesh,Fatullah,9 Apr 2006,warne
54.2,7,160,8,2.94,20,40.7,Bangladesh,Chittagong,16 Apr 2006,warne
43,7,149,4,3.46,37.25,64.5,England,Brisbane,23 Nov 2006,warne
85,21,216,5,2.54,43.2,102,England,Adelaide,1 Dec 2006,warne
48.2,6,156,5,3.22,31.2,58,England,Perth,14 Dec 2006,warne
36.2,7,85,7,2.33,12.14,31.1,England,Melbourne,26 Dec 2006,warne
28.4,2,92,2,3.2,46,86,England,Sydney,2 Jan 2007,warne
45,10,134,5,2.97,26.8,54,Australia,Nottingham,28 Jul 1977,botham
28,6,68,5,2.42,13.6,33.6,Australia,Leeds,11 Aug 1977,botham
22.1,5,40,4,1.35,10,44.2,New Zealand,Wellington,10 Feb 1978,botham
31.7,7,111,8,2.61,13.87,31.8,New Zealand,Christchurch,24 Feb 1978,botham
47,5,160,5,2.55,32,75.2,New Zealand,Auckland,4 Mar 1978,botham
32,7,99,1,3.09,99,192,Pakistan,Birmingham,1 Jun 1978,botham
25.5,10,51,8,1.97,6.37,19.3,Pakistan,Lord's,15 Jun 1978,botham
18,2,59,4,3.27,14.75,27,Pakistan,Leeds,29 Jun 1978,botham
41,9,104,4,2.53,26,61.5,New Zealand,The Oval,27 Jul 1978,botham
45,16,93,9,2.06,10.33,30,New Zealand,Nottingham,10 Aug 1978,botham
56.1,17,140,11,2.49,12.72,30.6,New Zealand,Lord's,24 Aug 1978,botham
38,6,135,6,2.66,22.5,50.6,Australia,Brisbane,1 Dec 1978,botham
22,3,100,0,3.4,-,-,Australia,Perth,15 Dec 1978,botham
35.1,8,109,6,2.32,18.16,46.8,Australia,Melbourne,29 Dec 1978,botham
28,3,87,2,2.33,43.5,112,Australia,Sydney,6 Jan 1979,botham
25.4,4,79,5,2.32,15.8,40.8,Australia,Adelaide,27 Jan 1979,botham
9.7,1,57,4,4.32,14.25,19.7,Australia,Sydney,10 Feb 1979,botham
55,12,156,7,2.83,22.28,47.1,India,Birmingham,12 Jul 1979,botham
54,22,115,6,2.12,19.16,54,India,Lord's,2 Aug 1979,botham
13,3,39,0,3,-,-,India,Leeds,16 Aug 1979,botham
57,12,162,7,2.84,23.14,48.8,India,The Oval,30 Aug 1979,botham
80.5,23,176,11,2.17,16,44,Australia,Perth,14 Dec 1979,botham
40.3,19,72,4,1.77,18,60.7,Australia,Sydney,4 Jan 1980,botham
51.5,20,123,4,2.37,30.75,77.7,Australia,Melbourne,1 Feb 1980,botham
48.5,14,106,13,2.17,8.15,22.5,India,Mumbai,15 Feb 1980,botham
36.4,12,98,4,2.67,24.5,55,West Indies,Nottingham,5 Jun 1980,botham
37,7,145,3,3.91,48.33,74,West Indies,Lord's,19 Jun 1980,botham
20,6,64,3,3.2,21.33,40,West Indies,Manchester,10 Jul 1980,botham
18.2,8,47,2,2.56,23.5,55,West Indies,The Oval,24 Jul 1980,botham
19,8,31,1,1.63,31,114,West Indies,Leeds,7 Aug 1980,botham
31.2,3,132,1,4.21,132,188,Australia,Lord's,28 Aug 1980,botham
28,6,113,2,4.03,56.5,84,West Indies,Port of Spain,13 Feb 1981,botham
54.1,10,179,7,3.3,25.57,46.4,West Indies,Bridgetown,13 Mar 1981,botham
37,6,127,4,3.43,31.75,55.5,West Indies,St John's,27 Mar 1981,botham
26.1,9,73,2,2.78,36.5,78.5,West Indies,Kingston,10 Apr 1981,botham
26.5,7,68,3,2.53,22.66,53.6,Australia,Nottingham,18 Jun 1981,botham
34,11,81,3,2.38,27,68,Australia,Lord's,2 Jul 1981,botham
46.2,14,109,7,2.35,15.57,39.7,Australia,Leeds,16 Jul 1981,botham
34,10,75,6,2.2,12.5,34,Australia,Birmingham,30 Jul 1981,botham
42.2,17,114,5,2.69,22.8,50.8,Australia,Manchester,13 Aug 1981,botham
89,22,253,10,2.84,25.3,53.4,Australia,The Oval,27 Aug 1981,botham
50.3,9,133,9,2.63,14.77,33.6,India,Mumbai,27 Nov 1981,botham
47,9,137,2,2.91,68.5,141,India,Bangalore,9 Dec 1981,botham
41,6,122,2,2.97,61,123,India,Delhi,23 Dec 1981,botham
38,11,89,2,2.34,44.5,114,India,Kolkata,1 Jan 1982,botham
39,11,112,1,2.87,112,234,India,Chennai,13 Jan 1982,botham
25,6,67,1,2.68,67,150,India,Kanpur,30 Jan 1982,botham
24.5,2,65,3,2.61,21.66,49.6,Sri Lanka,Colombo (PSS),17 Feb 1982,botham
51.3,10,149,6,2.89,24.83,51.5,India,Lord's,10 Jun 1982,botham
19,4,86,1,4.52,86,114,India,Manchester,24 Jun 1982,botham
23,2,85,2,3.69,42.5,69,India,The Oval,8 Jul 1982,botham
45,8,156,6,3.46,26,45,Pakistan,Birmingham,29 Jul 1982,botham
51,8,178,3,3.49,59.33,102,Pakistan,Lord's,12 Aug 1982,botham
54.5,17,144,9,2.62,16,36.5,Pakistan,Leeds,26 Aug 1982,botham
46,11,138,2,3,69,138,Australia,Perth,12 Nov 1982,botham
37.5,2,175,3,4.62,58.33,75.6,Australia,Brisbane,26 Nov 1982,botham
46.5,7,157,5,3.35,31.4,56.2,Australia,Adelaide,10 Dec 1982,botham
43.1,7,149,3,3.45,49.66,86.3,Australia,Melbourne,26 Dec 1982,botham
40,8,110,5,2.75,22,48,Australia,Sydney,2 Jan 1983,botham
20,2,79,4,3.95,19.75,30,New Zealand,The Oval,14 Jul 1983,botham
26.1,9,85,0,3.24,-,-,New Zealand,Leeds,28 Jul 1983,botham
27.4,8,70,5,2.53,14,33.2,New Zealand,Lord's,11 Aug 1983,botham
39,8,106,1,2.71,106,234,New Zealand,Nottingham,25 Aug 1983,botham
63.4,14,196,6,3.07,32.66,63.6,New Zealand,Wellington,20 Jan 1984,botham
17,1,88,1,5.17,88,102,New Zealand,Christchurch,3 Feb 1984,botham
29,10,70,0,2.41,-,-,New Zealand,Auckland,10 Feb 1984,botham
30,5,90,2,3,45,90,Pakistan,Karachi,2 Mar 1984,botham
34,7,127,1,3.73,127,204,West Indies,Birmingham,14 Jun 1984,botham
47.5,8,220,8,4.59,27.5,35.8,West Indies,Lord's,28 Jun 1984,botham
7,0,45,0,6.42,-,-,West Indies,Leeds,12 Jul 1984,botham
29,5,100,2,3.44,50,87,West Indies,Manchester,26 Jul 1984,botham
45.3,10,175,8,3.84,21.87,34.1,West Indies,The Oval,9 Aug 1984,botham
56,12,204,7,3.64,29.14,48,Sri Lanka,Lord's,23 Aug 1984,botham
62.1,15,193,7,3.1,27.57,53.2,Australia,Leeds,13 Jun 1985,botham
39,2,158,7,4.05,22.57,33.4,Australia,Lord's,27 Jun 1985,botham
34.2,3,107,3,3.11,35.66,68.6,Australia,Nottingham,11 Jul 1985,botham
38,7,129,4,3.39,32.25,57,Australia,Manchester,1 Aug 1985,botham
41.1,3,160,4,3.88,40,61.7,Australia,Birmingham,15 Aug 1985,botham
37,6,108,6,2.91,18,37,Australia,The Oval,29 Aug 1985,botham
19,4,67,2,3.52,33.5,57,West Indies,Kingston,21 Feb 1986,botham
9.4,0,68,1,7.03,68,58,West Indies,Port of Spain,7 Mar 1986,botham
24,3,80,1,3.33,80,144,West Indies,Bridgetown,21 Mar 1986,botham
27.1,3,95,5,3.49,19,32.6,West Indies,Port of Spain,3 Apr 1986,botham
55,6,225,2,4.09,112.5,165,West Indies,St John's,11 Apr 1986,botham
26,4,82,3,3.15,27.33,52,New Zealand,The Oval,21 Aug 1986,botham
28,1,92,3,3.28,30.66,56,Australia,Brisbane,14 Nov 1986,botham
29.2,8,85,1,2.89,85,176,Australia,Perth,28 Nov 1986,botham
23,5,60,5,2.6,12,27.6,Australia,Melbourne,26 Dec 1986,botham
26,10,59,0,2.26,-,-,Australia,Sydney,10 Jan 1987,botham
14,7,29,1,2.07,29,84,Pakistan,Manchester,4 Jun 1987,botham
-,-,-,-,-,-,-,Pakistan,Lord's,18 Jun 1987,botham
-,-,-,-,-,-,-,Pakistan,Leeds,2 Jul 1987,botham
68.3,16,187,3,2.72,62.33,137,Pakistan,Birmingham,23 Jul 1987,botham
52,7,217,3,4.17,72.33,104,Pakistan,The Oval,6 Aug 1987,botham
26,5,75,1,2.88,75,156,Australia,Birmingham,6 Jul 1989,botham
24,6,63,2,2.62,31.5,72,Australia,Manchester,27 Jul 1989,botham
30,4,103,0,3.43,-,-,Australia,Nottingham,10 Aug 1989,botham
27,8,67,3,2.48,22.33,54,West Indies,The Oval,8 Aug 1991,botham
16,5,41,1,2.56,41,96,Sri Lanka,Lord's,22 Aug 1991,botham
22,5,76,3,3.45,25.33,44,New Zealand,Wellington,6 Feb 1992,botham
19,6,52,0,2.73,-,-,Pakistan,Birmingham,4 Jun 1992,botham
5,2,9,0,1.8,-,-,Pakistan,Lord's,18 Jun 1992,botham
19,1,110,0,4.34,-,-,Pakistan,Melbourne,29 Dec 1972,thomson
38.5,8,105,9,2.03,11.66,34.3,England,Brisbane,29 Nov 1974,thomson
40,10,138,7,2.58,19.71,45.7,England,Perth,13 Dec 1974,thomson
39.4,5,143,8,2.71,17.87,39.5,England,Melbourne,26 Dec 1974,thomson
42,10,148,6,2.64,24.66,56,England,Sydney,4 Jan 1975,thomson
15,1,58,3,2.9,19.33,40,England,Adelaide,25 Jan 1975,thomson
28,11,59,5,2.1,11.8,33.6,England,Birmingham,10 Jul 1975,thomson
53,15,165,3,3.11,55,106,England,Lord's,31 Jul 1975,thomson
42,14,120,3,2.85,40,84,England,Leeds,14 Aug 1975,thomson
52.1,16,113,5,2.16,22.6,62.6,England,The Oval,28 Aug 1975,thomson
28,3,158,1,4.23,158,224,West Indies,Brisbane,28 Nov 1975,thomson
17,0,128,3,5.64,42.66,45.3,West Indies,Perth,12 Dec 1975,thomson
20,1,113,6,4.23,18.83,26.6,West Indies,Melbourne,26 Dec 1975,thomson
40,9,167,9,3.13,18.55,35.5,West Indies,Sydney,3 Jan 1976,thomson
24,2,134,6,4.18,22.33,32,West Indies,Adelaide,23 Jan 1976,thomson
21.5,0,131,4,4.54,32.75,43.2,West Indies,Melbourne,31 Jan 1976,thomson
8.5,2,34,2,2.95,17,34.5,Pakistan,Adelaide,24 Dec 1976,thomson
45.3,8,127,8,2.79,15.87,34.1,England,Lord's,16 Jun 1977,thomson
46,13,97,3,2.1,32.33,92,England,Manchester,7 Jul 1977,thomson
47,12,137,3,2.91,45.66,94,England,Nottingham,28 Jul 1977,thomson
34,7,113,4,3.32,28.25,51,England,Leeds,11 Aug 1977,thomson
28.2,4,109,5,3.84,21.8,34,England,The Oval,25 Aug 1977,thomson
35.7,2,130,7,2.71,18.57,41,India,Brisbane,2 Dec 1977,thomson
45.5,4,166,6,2.72,27.66,60.8,India,Perth,16 Dec 1977,thomson
34,6,125,3,2.75,41.66,90.6,India,Melbourne,30 Dec 1977,thomson
27,8,83,4,2.3,20.75,54,India,Sydney,7 Jan 1978,thomson
3.3,1,12,2,2.66,6,13.5,India,Adelaide,28 Jan 1978,thomson
21,6,84,3,4,28,42,West Indies,Port of Spain,3 Mar 1978,thomson
19,2,99,6,5.21,16.5,19,West Indies,Bridgetown,17 Mar 1978,thomson
36.2,3,139,5,3.82,27.8,43.6,West Indies,Georgetown,31 Mar 1978,thomson
38,9,140,3,3.68,46.66,76,West Indies,Port of Spain,15 Apr 1978,thomson
37,5,114,3,3.08,38,74,West Indies,Kingston,28 Apr 1978,thomson
27,6,93,4,3.44,23.25,40.5,West Indies,Brisbane,1 Dec 1979,thomson
32,6,100,3,3.12,33.33,64,England,Perth,14 Dec 1979,thomson
14,5,39,2,2.78,19.5,42,Pakistan,Perth,13 Nov 1981,thomson
30,5,95,3,3.16,31.66,60,Pakistan,Brisbane,27 Nov 1981,thomson
25,2,85,0,3.4,-,-,Pakistan,Melbourne,11 Dec 1981,thomson
35,4,143,3,4.08,47.66,70,West Indies,Sydney,2 Jan 1982,thomson
48.1,6,174,6,3.61,29,48.1,West Indies,Adelaide,30 Jan 1982,thomson
26,13,35,2,1.34,17.5,78,New Zealand,Wellington,26 Feb 1982,thomson
23,8,52,0,2.26,-,-,New Zealand,Auckland,12 Mar 1982,thomson
40,10,105,4,2.62,26.25,60,New Zealand,Christchurch,19 Mar 1982,thomson
32,6,119,2,3.71,59.5,96,Pakistan,Karachi,22 Sep 1982,thomson
23,5,79,0,3.43,-,-,Pakistan,Faisalabad,30 Sep 1982,thomson
24,1,97,1,4.04,97,144,Pakistan,Lahore,14 Oct 1982,thomson
39,6,116,5,2.97,23.2,46.8,England,Brisbane,26 Nov 1982,thomson
27.5,6,92,5,3.3,18.4,33.4,England,Adelaide,10 Dec 1982,thomson
34,5,123,5,3.61,24.6,40.8,England,Melbourne,26 Dec 1982,thomson
26.5,5,80,7,2.98,11.42,23,England,Sydney,2 Jan 1983,thomson
37,3,174,2,4.7,87,111,England,Leeds,13 Jun 1985,thomson
19,1,101,1,5.31,101,114,England,Birmingham,15 Aug 1985,thomson
31,8,138,5,4.45,27.6,37.2,Zimbabwe,Lord's,22 May 2003,anderson
33,10,85,6,2.57,14.16,33,Zimbabwe,Chester-le-Street,5 Jun 2003,anderson
26,3,129,1,4.96,129,156,South Africa,Birmingham,24 Jul 2003,anderson
27,6,90,2,3.33,45,81,South Africa,Lord's,31 Jul 2003,anderson
39.5,8,119,7,2.98,17,34.1,South Africa,Nottingham,14 Aug 2003,anderson
34,11,119,2,3.5,59.5,102,South Africa,Leeds,21 Aug 2003,anderson
35,7,141,3,4.02,47,70,South Africa,The Oval,4 Sep 2003,anderson
24,5,85,0,3.54,-,-,Sri Lanka,Colombo (SSC),18 Dec 2003,anderson
16.3,4,60,2,3.63,30,49.5,West Indies,Birmingham,29 Jul 2004,anderson
16.3,2,71,1,4.3,71,99,West Indies,Manchester,12 Aug 2004,anderson
22.1,2,88,4,3.96,22,33.2,West Indies,The Oval,19 Aug 2004,anderson
34,4,149,2,4.38,74.5,102,South Africa,Johannesburg,13 Jan 2005,anderson
31.1,10,79,6,2.53,13.16,31.1,India,Mumbai,18 Mar 2006,anderson
38,7,195,1,5.13,195,228,Australia,Brisbane,23 Nov 2006,anderson
25.2,3,108,1,4.26,108,152,Australia,Adelaide,1 Dec 2006,anderson
30,8,110,3,3.66,36.66,60,Australia,Sydney,2 Jan 2007,anderson
49.2,12,125,7,2.53,17.85,42.2,India,Lord's,19 Jul 2007,anderson
42,6,157,1,3.73,157,252,India,Nottingham,27 Jul 2007,anderson
55,13,216,6,3.92,36,55,India,The Oval,9 Aug 2007,anderson
38.4,7,167,2,4.31,83.5,116,Sri Lanka,Kandy,1 Dec 2007,anderson
35,6,130,7,3.71,18.57,30,New Zealand,Wellington,13 Mar 2008,anderson
24,3,153,1,6.37,153,144,New Zealand,Napier,22 Mar 2008,anderson
39,10,130,5,3.33,26,46.8,New Zealand,Lord's,15 May 2008,anderson
28.3,1,139,5,4.87,27.8,34.2,New Zealand,Manchester,23 May 2008,anderson
36,11,98,9,2.72,10.88,24,New Zealand,Nottingham,5 Jun 2008,anderson
53,14,114,3,2.15,38,106,South Africa,Lord's,10 Jul 2008,anderson
44,9,136,3,3.09,45.33,88,South Africa,Leeds,18 Jul 2008,anderson
39.2,6,132,4,3.35,33,59,South Africa,Birmingham,30 Jul 2008,anderson
37,3,127,5,3.43,25.4,44.4,South Africa,The Oval,7 Aug 2008,anderson
22,4,79,2,3.59,39.5,66,India,Chennai,11 Dec 2008,anderson
51,13,135,2,2.64,67.5,153,India,Mohali,19 Dec 2008,anderson
-,-,-,-,-,-,-,West Indies,North Sound,13 Feb 2009,anderson
44,7,123,2,2.79,61.5,132,West Indies,St John's,15 Feb 2009,anderson
37,9,125,3,3.37,41.66,74,West Indies,Bridgetown,26 Feb 2009,anderson
48,14,94,4,1.95,23.5,72,West Indies,Port of Spain,6 Mar 2009,anderson
22,6,70,2,3.18,35,66,West Indies,Lord's,6 May 2009,anderson
42.3,10,125,9,2.94,13.88,28.3,West Indies,Chester-le-Street,14 May 2009,anderson
32,6,110,2,3.43,55,96,Australia,Cardiff,8 Jul 2009,anderson
42,9,141,4,3.35,35.25,63,Australia,Lord's,16 Jul 2009,anderson
45,15,127,6,2.82,21.16,45,Australia,Birmingham,30 Jul 2009,anderson
18,3,89,0,4.94,-,-,Australia,Leeds,7 Aug 2009,anderson
21,5,75,0,3.57,-,-,Australia,The Oval,20 Aug 2009,anderson
57.5,10,177,5,3.06,35.4,69.4,South Africa,Centurion,16 Dec 2009,anderson
31.3,6,99,3,3.14,33,63,South Africa,Durban,26 Dec 2009,anderson
43.3,2,161,8,3.7,20.12,32.6,South Africa,Cape Town,3 Jan 2010,anderson
30,4,111,0,3.7,-,-,South Africa,Johannesburg,14 Jan 2010,anderson
60,14,162,5,2.7,32.4,72,Bangladesh,Lord's,27 May 2010,anderson
24,7,61,4,2.54,15.25,36,Bangladesh,Manchester,4 Jun 2010,anderson
37,15,71,11,1.91,6.45,20.1,Pakistan,Nottingham,29 Jul 2010,anderson
42.3,19,82,5,1.92,16.4,51,Pakistan,Birmingham,6 Aug 2010,anderson
38,11,118,4,3.1,29.5,57,Pakistan,The Oval,18 Aug 2010,anderson
23,10,45,3,1.95,15,46,Pakistan,Lord's,26 Aug 2010,anderson
42,15,114,2,2.71,57,126,Australia,Brisbane,25 Nov 2010,anderson
41,8,143,6,3.48,23.83,41,Australia,Adelaide,3 Dec 2010,anderson
46,10,126,4,2.73,31.5,69,Australia,Perth,16 Dec 2010,anderson
36,5,115,5,3.19,23,43.2,Australia,Melbourne,26 Dec 2010,anderson
48.1,12,127,7,2.63,18.14,41.2,Australia,Sydney,3 Jan 2011,anderson
28,8,66,3,2.35,22,56,Sri Lanka,Cardiff,26 May 2011,anderson
53,16,137,4,2.58,34.25,79.5,Sri Lanka,Southampton,16 Jun 2011,anderson
51.5,13,152,7,2.93,21.71,44.4,India,Lord's,21 Jul 2011,anderson
43,11,131,5,3.04,26.2,51.6,India,Nottingham,29 Jul 2011,anderson
39.2,6,154,6,3.91,25.66,39.3,India,Birmingham,10 Aug 2011,anderson
33,11,103,3,3.12,34.33,66,India,The Oval,18 Aug 2011,anderson
32,8,78,2,2.43,39,96,Pakistan,Dubai (DSC),17 Jan 2012,anderson
33.4,8,85,3,2.52,28.33,67.3,Pakistan,Abu Dhabi,25 Jan 2012,anderson
42.1,10,86,4,2.03,21.5,63.2,Pakistan,Dubai (DSC),3 Feb 2012,anderson
31,7,98,5,3.16,19.6,37.2,Sri Lanka,Galle,26 Mar 2012,anderson
42,11,98,4,2.33,24.5,63,Sri Lanka,Colombo (PSS),3 Apr 2012,anderson
61,19,126,3,2.06,42,122,West Indies,Lord's,17 May 2012,anderson
50.1,18,116,6,2.31,19.33,50.1,West Indies,Nottingham,25 May 2012,anderson
41,7,116,1,2.82,116,246,South Africa,The Oval,19 Jul 2012,anderson
52.2,17,101,3,1.92,33.66,104.6,South Africa,Leeds,2 Aug 2012,anderson
54.2,9,149,5,2.74,29.8,65.2,South Africa,Lord's,16 Aug 2012,anderson
29,7,85,1,2.93,85,174,India,Ahmedabad,15 Nov 2012,anderson
22,4,70,1,3.18,70,132,India,Mumbai,23 Nov 2012,anderson
43.4,11,127,6,2.9,21.16,43.6,India,Kolkata,5 Dec 2012,anderson
32,5,81,4,2.53,20.25,48,India,Nagpur,13 Dec 2012,anderson
33,2,137,4,4.15,34.25,49.5,New Zealand,Dunedin,6 Mar 2013,anderson
37,10,95,3,2.56,31.66,74,New Zealand,Wellington,14 Mar 2013,anderson
47,14,138,3,2.93,46,94,New Zealand,Auckland,22 Mar 2013,anderson
35.3,16,70,7,1.97,10,30.4,New Zealand,Lord's,16 May 2013,anderson
19.1,6,62,2,3.23,31,57.5,New Zealand,Leeds,24 May 2013,anderson
55.5,13,158,10,2.82,15.8,33.5,Australia,Nottingham,10 Jul 2013,anderson
32,10,80,3,2.5,26.66,64,Australia,Lord's,18 Jul 2013,anderson
41,6,153,2,3.73,76.5,123,Australia,Manchester,1 Aug 2013,anderson
41,9,138,2,3.36,69,123,Australia,Chester-le-Street,9 Aug 2013,anderson
35.5,5,122,5,3.4,24.4,43,Australia,The Oval,21 Aug 2013,anderson
44.1,7,140,2,3.16,70,132.5,Australia,Brisbane,21 Nov 2013,anderson
37,11,104,3,2.81,34.66,74,Australia,Adelaide,5 Dec 2013,anderson
42,10,165,2,3.92,82.5,126,Australia,Perth,13 Dec 2013,anderson
31.2,6,93,4,2.96,23.25,47,Australia,Melbourne,26 Dec 2013,anderson
36,9,113,3,3.13,37.66,72,Australia,Sydney,3 Jan 2014,anderson
50,17,118,7,2.36,16.85,42.8,Sri Lanka,Lord's,12 Jun 2014,anderson
44.5,10,140,5,3.12,28,53.8,Sri Lanka,Leeds,20 Jun 2014,anderson
59,18,170,4,2.88,42.5,88.5,India,Nottingham,9 Jul 2014,anderson
52,18,137,5,2.63,27.4,62.4,India,Lord's,17 Jul 2014,anderson
40.1,15,77,7,1.91,11,34.4,India,Southampton,27 Jul 2014,anderson
23,7,64,5,2.78,12.8,27.6,India,Manchester,7 Aug 2014,anderson
25,7,67,4,2.68,16.75,37.5,India,The Oval,15 Aug 2014,anderson
47.4,12,139,4,2.91,34.75,71.5,West Indies,North Sound,13 Apr 2015,anderson
46,17,90,6,1.95,15,46,West Indies,St George's,21 Apr 2015,anderson
25.4,9,77,7,3,11,22,West Indies,Bridgetown,1 May 2015,anderson
43,12,119,2,2.76,59.5,129,New Zealand,Lord's,21 May 2015,anderson
36,7,139,4,3.86,34.75,54,New Zealand,Leeds,29 May 2015,anderson
36,5,95,1,2.63,95,216,Sri Lanka,Colombo (SSC),9 Dec 2007,broad
35,6,118,3,3.37,39.33,70,New Zealand,Wellington,13 Mar 2008,broad
49,13,132,5,2.69,26.4,58.8,New Zealand,Napier,22 Mar 2008,broad
41,8,139,3,3.39,46.33,82,New Zealand,Lord's,15 May 2008,broad
24,3,79,0,3.29,-,-,New Zealand,Manchester,23 May 2008,broad
27,7,87,4,3.22,21.75,40.5,New Zealand,Nottingham,5 Jun 2008,broad
49,10,166,2,3.38,83,147,South Africa,Lord's,10 Jul 2008,broad
30,2,122,1,4.06,122,180,South Africa,Leeds,18 Jul 2008,broad
30.2,7,104,5,3.42,20.8,36.4,South Africa,The Oval,7 Aug 2008,broad
40,11,134,2,3.35,67,120,India,Mohali,19 Dec 2008,broad
29,7,85,5,2.93,17,34.8,West Indies,Kingston,4 Feb 2009,broad
-,-,-,-,-,-,-,West Indies,North Sound,13 Feb 2009,broad
35,7,93,4,2.65,23.25,52.5,West Indies,St John's,15 Feb 2009,broad
32,4,113,0,3.53,-,-,West Indies,Bridgetown,26 Feb 2009,broad
35,14,76,3,2.17,25.33,70,West Indies,Port of Spain,6 Mar 2009,broad
30.2,2,120,5,3.95,24,36.4,West Indies,Lord's,6 May 2009,broad
21,3,83,3,3.95,27.66,42,West Indies,Chester-le-Street,14 May 2009,broad
32,6,129,1,4.03,129,192,Australia,Cardiff,8 Jul 2009,broad
34,4,127,3,3.73,42.33,68,Australia,Lord's,16 Jul 2009,broad
29,4,89,2,3.06,44.5,87,Australia,Birmingham,30 Jul 2009,broad
25.1,6,91,6,3.61,15.16,25.1,Australia,Leeds,7 Aug 2009,broad
34,5,108,6,3.17,18,34,Australia,The Oval,20 Aug 2009,broad
48,13,132,3,2.75,44,96,South Africa,Centurion,16 Dec 2009,broad
37,9,87,6,2.35,14.5,37,South Africa,Durban,26 Dec 2009,broad
41,10,133,1,3.24,133,246,South Africa,Cape Town,3 Jan 2010,broad
29,4,83,3,2.86,27.66,58,South Africa,Johannesburg,14 Jan 2010,broad
45,11,135,3,3,45,90,Bangladesh,Chittagong,12 Mar 2010,broad
34,7,141,3,4.14,47,68,Bangladesh,Dhaka,20 Mar 2010,broad
25,6,82,3,3.28,27.33,50,Pakistan,Nottingham,29 Jul 2010,broad
45.5,15,104,6,2.26,17.33,45.8,Pakistan,Birmingham,6 Aug 2010,broad
31,4,107,2,3.45,53.5,93,Pakistan,The Oval,18 Aug 2010,broad
12,5,34,3,2.83,11.33,24,Pakistan,Lord's,26 Aug 2010,broad
40,8,90,1,2.25,90,240,Australia,Brisbane,25 Nov 2010,broad
29.5,9,71,1,2.37,71,179,Australia,Adelaide,3 Dec 2010,broad
40.4,5,134,4,3.29,33.5,61,Sri Lanka,Cardiff,26 May 2011,broad
41,7,154,2,3.75,77,123,Sri Lanka,Lord's,3 Jun 2011,broad
37.2,7,102,2,2.73,51,112,Sri Lanka,Southampton,16 Jun 2011,broad
42.3,12,94,7,2.21,13.42,36.4,India,Lord's,21 Jul 2011,broad
38.5,13,76,8,1.95,9.5,29.1,India,Nottingham,29 Jul 2011,broad
29,10,81,6,2.79,13.5,29,India,Birmingham,10 Aug 2011,broad
41,9,95,4,2.31,23.75,61.5,India,The Oval,18 Aug 2011,broad
32.4,9,92,3,2.81,30.66,65.3,Pakistan,Dubai (DSC),17 Jan 2012,broad
44,13,83,5,1.88,16.6,52.8,Pakistan,Abu Dhabi,25 Jan 2012,broad
40,12,91,5,2.27,18.2,48,Pakistan,Dubai (DSC),3 Feb 2012,broad
32,5,104,2,3.25,52,96,Sri Lanka,Galle,26 Mar 2012,broad
58.5,12,165,11,2.8,15,32,West Indies,Lord's,17 May 2012,broad
44,9,139,3,3.15,46.33,88,West Indies,Nottingham,25 May 2012,broad
34,6,118,0,3.47,-,-,South Africa,The Oval,19 Jul 2012,broad
51.4,12,165,8,3.19,20.62,38.7,South Africa,Leeds,2 Aug 2012,broad
45,6,154,3,3.42,51.33,90,South Africa,Lord's,16 Aug 2012,broad
24,1,97,0,4.04,-,-,India,Ahmedabad,15 Nov 2012,broad
12,1,60,0,5,-,-,India,Mumbai,23 Nov 2012,broad
28,3,118,3,4.21,39.33,56,New Zealand,Dunedin,6 Mar 2013,broad
31.2,8,83,6,2.64,13.83,31.3,New Zealand,Wellington,14 Mar 2013,broad
47,11,148,2,3.14,74,141,New Zealand,Auckland,22 Mar 2013,broad
32,4,108,8,3.37,13.5,24,New Zealand,Lord's,16 May 2013,broad
26,5,83,4,3.19,20.75,39,New Zealand,Leeds,24 May 2013,broad
29.5,7,94,3,3.15,31.33,59.6,Australia,Nottingham,10 Jul 2013,broad
32,7,80,1,2.5,80,192,Australia,Lord's,18 Jul 2013,broad
40,8,138,2,3.45,69,120,Australia,Manchester,1 Aug 2013,broad
43,10,121,11,2.81,11,23.4,Australia,Chester-le-Street,9 Aug 2013,broad
41,6,171,5,4.17,34.2,49.2,Australia,The Oval,21 Aug 2013,broad
40,7,136,8,3.4,17,30,Australia,Brisbane,21 Nov 2013,broad
36,3,117,3,3.25,39,72,Australia,Adelaide,5 Dec 2013,broad
22,2,100,3,4.54,33.33,44,Australia,Perth,13 Dec 2013,broad
30,6,103,3,3.43,34.33,60,Australia,Melbourne,26 Dec 2013,broad
33.5,6,122,4,3.6,30.5,50.7,Australia,Sydney,3 Jan 2014,broad
50,17,110,4,2.2,27.5,75,Sri Lanka,Lord's,12 Jun 2014,broad
44,9,132,3,3,44,88,Sri Lanka,Leeds,20 Jun 2014,broad
54,20,103,4,1.9,25.75,81,India,Nottingham,9 Jul 2014,broad
45,11,172,3,3.82,57.33,90,India,Lord's,17 Jul 2014,broad
38,13,88,3,2.31,29.33,76,India,Southampton,27 Jul 2014,broad
13.4,6,25,6,1.82,4.16,13.6,India,Manchester,7 Aug 2014,broad
25.1,6,49,3,1.94,16.33,50.3,India,The Oval,15 Aug 2014,broad
43,7,128,3,2.97,42.66,86,West Indies,North Sound,13 Apr 2015,broad
45,11,132,5,2.93,26.4,54,West Indies,St George's,21 Apr 2015,broad
23,8,60,2,2.6,30,69,West Indies,Bridgetown,1 May 2015,broad
42.5,7,127,6,2.96,21.16,42.8,New Zealand,Lord's,21 May 2015,broad
33.1,1,203,7,6.12,29,28.4,New Zealand,Leeds,29 May 2015,broad
7,3,17,0,2.42,-,-,West Indies,Lord's,6 May 2009,bresnan
24,4,80,3,3.33,26.66,48,West Indies,Chester-le-Street,14 May 2009,bresnan
49,17,135,4,2.75,33.75,73.5,Bangladesh,Chittagong,12 Mar 2010,bresnan
34,9,91,3,2.67,30.33,68,Bangladesh,Dhaka,20 Mar 2010,bresnan
50.2,14,169,4,3.35,42.25,75.5,Bangladesh,Lord's,27 May 2010,bresnan
34.4,14,75,6,2.16,12.5,34.6,Australia,Melbourne,26 Dec 2010,bresnan
48,11,140,5,2.91,28,57.6,Australia,Sydney,3 Jan 2011,bresnan
33,8,96,7,2.9,13.71,28.2,India,Nottingham,29 Jul 2011,bresnan
30.3,7,81,5,2.65,16.2,36.6,India,Birmingham,10 Aug 2011,bresnan
28,5,84,4,3,21,42,India,The Oval,18 Aug 2011,bresnan
35,8,71,2,2.02,35.5,105,Sri Lanka,Colombo (PSS),3 Apr 2012,bresnan
56,18,144,1,2.57,144,336,West Indies,Lord's,17 May 2012,bresnan
44,9,141,8,3.2,17.62,33,West Indies,Nottingham,25 May 2012,bresnan
34,9,111,3,3.26,37,68,West Indies,Birmingham,7 Jun 2012,bresnan
37,2,140,1,3.78,140,222,South Africa,The Oval,19 Jul 2012,bresnan
36,6,138,1,3.83,138,216,South Africa,Leeds,2 Aug 2012,bresnan
19,2,73,0,3.84,-,-,India,Ahmedabad,15 Nov 2012,bresnan
26,5,69,0,2.65,-,-,India,Nagpur,13 Dec 2012,bresnan
21,9,58,4,2.76,14.5,31.5,Australia,Lord's,18 Jul 2013,bresnan
38,6,139,3,3.65,46.33,76,Australia,Manchester,1 Aug 2013,bresnan
32,5,99,3,3.09,33,64,Australia,Chester-le-Street,9 Aug 2013,bresnan
37.3,7,134,3,3.57,44.66,75,Australia,Perth,13 Dec 2013,bresnan
25,7,72,2,2.88,36,75,Australia,Melbourne,26 Dec 2013,bresnan
58,21,131,3,2.25,43.66,116,India,Nagpur,1 Mar 2006,panesar
30,3,113,1,3.76,113,180,India,Mohali,9 Mar 2006,panesar
30,8,68,1,2.26,68,180,India,Mumbai,18 Mar 2006,panesar
27,10,49,2,1.81,24.5,81,Sri Lanka,Lord's,11 May 2006,panesar
30,6,80,3,2.66,26.66,60,Sri Lanka,Birmingham,25 May 2006,panesar
42.1,16,81,5,1.92,16.2,50.6,Sri Lanka,Nottingham,2 Jun 2006,panesar
54,10,153,2,2.83,76.5,162,Pakistan,Lord's,13 Jul 2006,panesar
34.4,7,93,8,2.68,11.62,26,Pakistan,Manchester,27 Jul 2006,panesar
65.3,17,166,6,2.53,27.66,65.5,Pakistan,Leeds,4 Aug 2006,panesar
30,6,103,1,3.43,103,180,Pakistan,The Oval,17 Aug 2006,panesar
58,7,237,8,4.08,29.62,43.5,Australia,Perth,14 Dec 2006,panesar
12,1,52,0,4.33,-,-,Australia,Melbourne,26 Dec 2006,panesar
19.3,0,90,2,4.61,45,58.5,Australia,Sydney,2 Jan 2007,panesar
39.1,3,142,6,3.62,23.66,39.1,West Indies,Lord's,17 May 2007,panesar
7,1,21,1,3,21,42,West Indies,Leeds,25 May 2007,panesar
68.3,18,187,10,2.72,18.7,41.1,West Indies,Manchester,7 Jun 2007,panesar
29.1,4,80,6,2.74,13.33,29.1,West Indies,Chester-le-Street,15 Jun 2007,panesar
34,10,85,2,2.5,42.5,102,India,Lord's,19 Jul 2007,panesar
33.5,8,101,4,2.98,25.25,50.7,India,Nottingham,27 Jul 2007,panesar
63,6,217,2,3.44,108.5,189,India,The Oval,9 Aug 2007,panesar
59,9,178,6,3.01,29.66,59,Sri Lanka,Kandy,1 Dec 2007,panesar
50,7,151,2,3.02,75.5,150,Sri Lanka,Colombo (SSC),9 Dec 2007,panesar
26,3,76,0,2.92,-,-,Sri Lanka,Galle,18 Dec 2007,panesar
53,12,151,4,2.84,37.75,79.5,New Zealand,Hamilton,5 Mar 2008,panesar
22.3,1,55,1,2.44,55,135,New Zealand,Wellington,13 Mar 2008,panesar
47,18,126,6,2.68,21,47,New Zealand,Napier,22 Mar 2008,panesar
35,10,86,2,2.45,43,105,New Zealand,Lord's,15 May 2008,panesar
39,6,138,7,3.53,19.71,33.4,New Zealand,Manchester,23 May 2008,panesar
11,4,21,0,1.9,-,-,New Zealand,Nottingham,5 Jun 2008,panesar
86,19,190,4,2.2,47.5,129,South Africa,Lord's,10 Jul 2008,panesar
29.2,6,65,3,2.21,21.66,58.6,South Africa,Leeds,18 Jul 2008,panesar
40,3,116,2,2.9,58,120,South Africa,Birmingham,30 Jul 2008,panesar
19.5,5,41,4,2.06,10.25,29.7,South Africa,The Oval,7 Aug 2008,panesar
46,8,170,3,3.69,56.66,92,India,Chennai,11 Dec 2008,panesar
33,2,133,3,4.03,44.33,66,India,Mohali,19 Dec 2008,panesar
47,14,122,1,2.59,122,282,West Indies,Kingston,4 Feb 2009,panesar
-,-,-,-,-,-,-,West Indies,North Sound,13 Feb 2009,panesar
62.5,15,148,4,2.35,37,94.2,West Indies,Port of Spain,6 Mar 2009,panesar
35,4,115,1,3.28,115,210,Australia,Cardiff,8 Jul 2009,panesar
71.2,27,153,7,2.14,21.85,61.1,Pakistan,Abu Dhabi,25 Jan 2012,panesar
69.4,17,149,7,2.13,21.28,59.7,Pakistan,Dubai (DSC),3 Feb 2012,panesar
47,17,101,2,2.14,50.5,141,Sri Lanka,Galle,26 Mar 2012,panesar
69,15,210,11,3.04,19.09,37.6,India,Mumbai,23 Nov 2012,panesar
62,14,165,5,2.66,33,74.4,India,Kolkata,5 Dec 2012,panesar
52,15,81,1,1.55,81,312,India,Nagpur,13 Dec 2012,panesar
22,2,83,1,3.77,83,132,New Zealand,Dunedin,6 Mar 2013,panesar
52,23,91,1,1.75,91,312,New Zealand,Wellington,14 Mar 2013,panesar
56.2,21,176,3,3.12,58.66,112.6,New Zealand,Auckland,22 Mar 2013,panesar
54,7,198,2,3.66,99,162,Australia,Adelaide,5 Dec 2013,panesar
16.5,2,59,1,3.5,59,101,Australia,Melbourne,26 Dec 2013,panesar
38.3,2,145,4,3.76,36.25,57.7,India,Chennai,11 Dec 2008,swann
62,14,171,4,2.75,42.75,93,India,Mohali,19 Dec 2008,swann
63,19,149,8,2.36,18.62,47.2,West Indies,St John's,15 Feb 2009,swann
50.4,8,165,5,3.25,33,60.8,West Indies,Bridgetown,26 Feb 2009,swann
66.4,25,143,6,2.14,23.83,66.6,West Indies,Port of Spain,6 Mar 2009,swann
22,6,55,6,2.5,9.16,22,West Indies,Lord's,6 May 2009,swann
17,4,64,1,3.76,64,102,West Indies,Chester-le-Street,14 May 2009,swann
38,8,131,0,3.44,-,-,Australia,Cardiff,8 Jul 2009,swann
29,3,91,4,3.13,22.75,43.5,Australia,Lord's,16 Jul 2009,swann
33,4,123,2,3.72,61.5,99,Australia,Birmingham,30 Jul 2009,swann
16,4,64,0,4,-,-,Australia,Leeds,7 Aug 2009,swann
54.2,11,158,8,2.9,19.75,40.7,Australia,The Oval,20 Aug 2009,swann
72.2,13,201,5,2.77,40.2,86.8,South Africa,Centurion,16 Dec 2009,swann
56,6,164,9,2.92,18.22,37.3,South Africa,Durban,26 Dec 2009,swann
59,6,201,5,3.4,40.2,70.8,South Africa,Cape Town,3 Jan 2010,swann
23,0,93,2,4.04,46.5,69,South Africa,Johannesburg,14 Jan 2010,swann
78.3,19,217,10,2.76,21.7,47.1,Bangladesh,Chittagong,12 Mar 2010,swann
66.1,12,187,6,2.82,31.16,66.1,Bangladesh,Dhaka,20 Mar 2010,swann
38,11,100,0,2.63,-,-,Bangladesh,Lord's,27 May 2010,swann
29.2,4,110,6,3.75,18.33,29.3,Bangladesh,Manchester,4 Jun 2010,swann
2,1,12,0,6,-,-,Pakistan,Nottingham,29 Jul 2010,swann
37,20,65,6,1.75,10.83,37,Pakistan,Birmingham,6 Aug 2010,swann
46,13,118,7,2.56,16.85,39.4,Pakistan,The Oval,18 Aug 2010,swann
21.5,4,74,9,3.38,8.22,14.5,Pakistan,Lord's,26 Aug 2010,swann
51,5,161,2,3.15,80.5,153,Australia,Brisbane,25 Nov 2010,swann
70.1,14,161,7,2.29,23,60.1,Australia,Adelaide,3 Dec 2010,swann
25,0,103,2,4.12,51.5,75,Australia,Perth,16 Dec 2010,swann
29,12,60,2,2.06,30,87,Australia,Melbourne,26 Dec 2010,swann
44,12,112,2,2.54,56,132,Australia,Sydney,3 Jan 2011,swann
31.4,3,94,7,2.96,13.42,27.1,Sri Lanka,Cardiff,26 May 2011,swann
44.4,7,120,3,2.68,40,89.3,Sri Lanka,Lord's,3 Jun 2011,swann
27,6,69,2,2.55,34.5,81,Sri Lanka,Southampton,16 Jun 2011,swann
41,6,114,2,2.78,57,123,India,Lord's,21 Jul 2011,swann
15,0,97,0,6.46,-,-,India,Nottingham,29 Jul 2011,swann
17,1,110,2,6.47,55,51,India,Birmingham,10 Aug 2011,swann
69,11,208,9,3.01,23.11,46,India,The Oval,18 Aug 2011,swann
29.5,3,107,4,3.58,26.75,44.7,Pakistan,Dubai (DSC),17 Jan 2012,swann
45,7,118,5,2.62,23.6,54,Pakistan,Abu Dhabi,25 Jan 2012,swann
40,7,101,4,2.52,25.25,60,Pakistan,Dubai (DSC),3 Feb 2012,swann
53,8,174,6,3.28,29,53,Sri Lanka,Galle,26 Mar 2012,swann
68.1,5,181,10,2.65,18.1,40.9,Sri Lanka,Colombo (PSS),3 Apr 2012,swann
36.5,10,111,3,3.01,37,73.6,West Indies,Lord's,17 May 2012,swann
26.2,5,86,3,3.26,28.66,52.6,West Indies,Nottingham,25 May 2012,swann
26,5,85,0,3.26,-,-,West Indies,Birmingham,7 Jun 2012,swann
52,10,151,0,2.9,-,-,South Africa,The Oval,19 Jul 2012,swann
71.2,20,157,4,2.2,39.25,107,South Africa,Lord's,16 Aug 2012,swann
58.3,9,190,6,3.24,31.66,58.5,India,Ahmedabad,15 Nov 2012,swann
52.2,13,113,8,2.15,14.12,39.2,India,Mumbai,23 Nov 2012,swann
44,12,116,3,2.63,38.66,88,India,Kolkata,5 Dec 2012,swann
31,10,76,3,2.45,25.33,62,India,Nagpur,13 Dec 2012,swann
8,0,19,0,2.37,-,-,New Zealand,Lord's,16 May 2013,swann
41,13,132,10,3.21,13.2,24.6,New Zealand,Leeds,24 May 2013,swann
63,14,165,4,2.61,41.25,94.5,Australia,Nottingham,10 Jul 2013,swann
52,10,122,9,2.34,13.55,34.6,Australia,Lord's,18 Jul 2013,swann
58,2,233,6,4.01,38.83,58,Australia,Manchester,1 Aug 2013,swann
36,11,101,4,2.8,25.25,54,Australia,Chester-le-Street,9 Aug 2013,swann
40,4,134,3,3.35,44.66,80,Australia,The Oval,21 Aug 2013,swann
53,6,215,2,4.05,107.5,159,Australia,Brisbane,21 Nov 2013,swann
45,7,182,2,4.04,91,135,Australia,Adelaide,5 Dec 2013,swann
44,8,163,3,3.7,54.33,88,Australia,Perth,13 Dec 2013,swann
34.5,5,107,6,3.07,17.83,34.8,Sri Lanka,Galle,31 Aug 2011,lyon
25,3,93,2,3.72,46.5,75,Sri Lanka,Pallekele,8 Sep 2011,lyon
35,5,95,0,2.71,-,-,Sri Lanka,Colombo (SSC),16 Sep 2011,lyon
3,1,11,0,3.66,-,-,South Africa,Cape Town,9 Nov 2011,lyon
29,6,109,4,3.75,27.25,43.5,South Africa,Johannesburg,17 Nov 2011,lyon
33.3,3,88,7,2.62,12.57,28.7,New Zealand,Brisbane,1 Dec 2011,lyon
15.3,5,38,3,2.45,12.66,31,New Zealand,Hobart,9 Dec 2011,lyon
22.5,2,91,1,3.98,91,137,India,Melbourne,26 Dec 2011,lyon
28,2,89,1,3.17,89,168,India,Sydney,3 Jan 2012,lyon
42.4,9,111,5,2.6,22.2,51.2,India,Adelaide,24 Jan 2012,lyon
42,15,113,1,2.69,113,252,West Indies,Bridgetown,7 Apr 2012,lyon
29,9,68,5,2.34,13.6,34.8,West Indies,Port of Spain,15 Apr 2012,lyon
62.3,13,156,7,2.49,22.28,53.5,West Indies,Roseau,23 Apr 2012,lyon
50,9,177,4,3.54,44.25,75,South Africa,Brisbane,9 Nov 2012,lyon
94,38,140,5,1.48,28,112.8,South Africa,Adelaide,22 Nov 2012,lyon
34,3,169,3,4.97,56.33,68,South Africa,Perth,30 Nov 2012,lyon
57,20,133,2,2.33,66.5,171,Sri Lanka,Hobart,14 Dec 2012,lyon
7.4,0,39,3,5.08,13,15.3,Sri Lanka,Melbourne,26 Dec 2012,lyon
34,3,135,2,3.97,67.5,102,Sri Lanka,Sydney,3 Jan 2013,lyon
52.3,1,244,4,4.64,61,78.7,India,Chennai,22 Feb 2013,lyon
36,4,151,2,4.19,75.5,108,India,Mohali,14 Mar 2013,lyon
38.4,4,165,9,4.26,18.33,25.7,India,Delhi,22 Mar 2013,lyon
38,12,103,1,2.71,103,228,England,Manchester,1 Aug 2013,lyon
42.1,10,97,7,2.3,13.85,36.1,England,Chester-le-Street,9 Aug 2013,lyon
38,8,103,1,2.71,103,228,England,The Oval,21 Aug 2013,lyon
29,10,63,4,2.17,15.75,43.5,England,Brisbane,21 Nov 2013,lyon
46,12,142,2,3.08,71,138,England,Adelaide,5 Dec 2013,lyon
38,11,109,4,2.86,27.25,57,England,Perth,13 Dec 2013,lyon
39.2,6,117,6,2.97,19.5,39.3,England,Melbourne,26 Dec 2013,lyon
24,3,127,3,5.29,42.33,48,England,Sydney,3 Jan 2014,lyon
27,1,71,2,2.62,35.5,81,South Africa,Centurion,12 Feb 2014,lyon
63,9,178,6,2.82,29.66,63,South Africa,Port Elizabeth,20 Feb 2014,lyon
34,18,63,0,1.85,-,-,South Africa,Cape Town,1 Mar 2014,lyon
55,4,220,2,4,110,165,Pakistan,Dubai (DSC),22 Oct 2014,lyon
55,4,202,1,3.67,202,330,Pakistan,Abu Dhabi,30 Oct 2014,lyon
70.1,9,286,12,4.07,23.83,35,India,Adelaide,9 Dec 2014,lyon
35.4,3,138,5,3.86,27.6,42.8,India,Brisbane,17 Dec 2014,lyon
41,3,144,2,3.51,72,123,India,Melbourne,26 Dec 2014,lyon
76.5,16,233,4,3.03,58.25,115.2,India,Sydney,6 Jan 2015,lyon
30,8,87,3,2.9,29,60,West Indies,Roseau,3 Jun 2015,lyon
21,7,67,5,3.19,13.4,25.2,West Indies,Kingston,11 Jun 2015,lyon
41,7,119,6,2.9,19.83,41,New Zealand,Wellington,19 Mar 2010,harris
29.3,6,88,3,2.98,29.33,59,New Zealand,Hamilton,27 Mar 2010,harris
29,5,84,2,2.89,42,87,England,Adelaide,3 Dec 2010,harris
26,5,106,9,4.07,11.77,17.3,England,Perth,16 Dec 2010,harris
28.4,9,91,0,3.17,-,-,England,Melbourne,26 Dec 2010,harris
28,10,68,5,2.42,13.6,33.6,Sri Lanka,Galle,31 Aug 2011,harris
38,15,92,6,2.42,15.33,38,Sri Lanka,Pallekele,8 Sep 2011,harris
24.3,5,100,4,4.08,25,36.7,South Africa,Cape Town,9 Nov 2011,harris
34,9,67,2,1.97,33.5,102,India,Perth,13 Jan 2012,harris
44,12,112,4,2.54,28,66,India,Adelaide,24 Jan 2012,harris
37.4,10,114,5,3.02,22.8,45.2,West Indies,Bridgetown,7 Apr 2012,harris
25,2,70,1,2.8,70,150,West Indies,Roseau,23 Apr 2012,harris
44.1,10,103,7,2.33,14.71,37.8,England,Lord's,18 Jul 2013,harris
38,12,95,4,2.5,23.75,57,England,Manchester,1 Aug 2013,harris
47,5,187,9,3.97,20.77,31.3,England,Chester-le-Street,9 Aug 2013,harris
33,10,85,4,2.57,21.25,49.5,England,The Oval,21 Aug 2013,harris
34,9,77,5,2.26,15.4,40.8,England,Brisbane,21 Nov 2013,harris
33.4,11,85,3,2.52,28.33,67.3,England,Adelaide,5 Dec 2013,harris
41,12,121,4,2.95,30.25,61.5,England,Perth,13 Dec 2013,harris
34,9,81,2,2.38,40.5,102,England,Melbourne,26 Dec 2013,harris
23.4,9,61,8,2.57,7.62,17.7,England,Sydney,3 Jan 2014,harris
29.4,8,86,2,2.89,43,89,South Africa,Centurion,12 Feb 2014,harris
40,7,137,1,3.42,137,240,South Africa,Port Elizabeth,20 Feb 2014,harris
46.3,24,95,7,2.04,13.57,39.8,South Africa,Cape Town,1 Mar 2014,harris
40,12,104,2,2.6,52,120,India,Adelaide,9 Dec 2014,harris
42,15,100,6,2.38,16.66,42,India,Melbourne,26 Dec 2014,harris
44,10,130,2,2.95,65,132,India,Sydney,6 Jan 2015,harris
37,7,96,4,2.59,24,55.5,Sri Lanka,Brisbane,8 Nov 2007,johnson
45,7,145,4,3.22,36.25,67.5,Sri Lanka,Hobart,16 Nov 2007,johnson
28,11,46,3,1.64,15.33,56,India,Melbourne,26 Dec 2007,johnson
48,6,181,2,3.77,90.5,144,India,Sydney,2 Jan 2008,johnson
38.2,7,144,5,3.75,28.8,46,India,Perth,16 Jan 2008,johnson
53.5,7,159,6,2.95,26.5,53.8,India,Adelaide,24 Jan 2008,johnson
37,9,92,2,2.48,46,111,West Indies,Kingston,22 May 2008,johnson
44,8,142,3,3.22,47.33,88,West Indies,North Sound,30 May 2008,johnson
23.5,3,113,5,4.74,22.6,28.6,West Indies,Bridgetown,12 Jun 2008,johnson
35,7,93,5,2.65,18.6,42,India,Bangalore,9 Oct 2008,johnson
41,4,157,3,3.82,52.33,82,India,Mohali,17 Oct 2008,johnson
44,4,165,4,3.75,41.25,66,India,Delhi,29 Oct 2008,johnson
46,15,106,1,2.3,106,276,India,Nagpur,6 Nov 2008,johnson
25.3,9,69,9,2.7,7.66,17,New Zealand,Brisbane,20 Nov 2008,johnson
40.1,12,85,5,2.11,17,48.2,New Zealand,Adelaide,28 Nov 2008,johnson
58.2,9,159,11,2.72,14.45,31.8,South Africa,Perth,17 Dec 2008,johnson
50,7,163,2,3.26,81.5,150,South Africa,Melbourne,26 Dec 2008,johnson
51.2,13,118,4,2.29,29.5,77,South Africa,Sydney,3 Jan 2009,johnson
52.3,9,137,8,2.6,17.12,39.3,South Africa,Johannesburg,26 Feb 2009,johnson
49,14,115,4,2.34,28.75,73.5,South Africa,Durban,6 Mar 2009,johnson
37.3,5,148,4,3.94,37,56.2,South Africa,Cape Town,19 Mar 2009,johnson
44,6,131,5,2.97,26.2,52.8,England,Cardiff,8 Jul 2009,johnson
38.4,4,200,3,5.17,66.66,77.3,England,Lord's,16 Jul 2009,johnson
21,1,92,2,4.38,46,63,England,Birmingham,30 Jul 2009,johnson
26.3,3,99,6,3.73,16.5,26.5,England,Leeds,7 Aug 2009,johnson
32,1,129,4,4.03,32.25,48,England,The Oval,20 Aug 2009,johnson
28.1,5,110,4,3.9,27.5,42.2,West Indies,Brisbane,26 Nov 2009,johnson
48.1,4,208,8,4.31,26,36.1,West Indies,Adelaide,4 Dec 2009,johnson
34,8,159,5,4.67,31.8,40.8,West Indies,Perth,16 Dec 2009,johnson
40,16,82,6,2.05,13.66,40,Pakistan,Melbourne,26 Dec 2009,johnson
30,4,91,5,3.03,18.2,36,Pakistan,Sydney,3 Jan 2010,johnson
41,6,135,1,3.29,135,246,Pakistan,Hobart,14 Jan 2010,johnson
41,12,145,2,3.53,72.5,123,New Zealand,Wellington,19 Mar 2010,johnson
36.1,8,132,10,3.64,13.2,21.7,New Zealand,Hamilton,27 Mar 2010,johnson
28,7,105,1,3.75,105,168,Pakistan,Lord's,13 Jul 2010,johnson
25.4,1,112,2,4.36,56,77,Pakistan,Leeds,21 Jul 2010,johnson
36.4,7,114,5,3.1,22.8,44,India,Mohali,1 Oct 2010,johnson
42,6,147,3,3.5,49,84,India,Bangalore,9 Oct 2010,johnson
42,7,170,0,4.04,-,-,England,Brisbane,25 Nov 2010,johnson
29.3,8,82,9,2.77,9.11,19.6,England,Perth,16 Dec 2010,johnson
29,2,134,2,4.62,67,87,England,Melbourne,26 Dec 2010,johnson
36,5,168,4,4.66,42,54,England,Sydney,3 Jan 2011,johnson
28,7,82,2,2.92,41,84,Sri Lanka,Galle,31 Aug 2011,johnson
38.4,5,109,2,2.81,54.5,116,Sri Lanka,Pallekele,8 Sep 2011,johnson
35,6,122,2,3.48,61,105,Sri Lanka,Colombo (SSC),16 Sep 2011,johnson
16,1,87,1,5.43,87,96,South Africa,Cape Town,9 Nov 2011,johnson
46.1,8,168,2,3.63,84,138.5,South Africa,Johannesburg,17 Nov 2011,johnson
42,4,164,6,3.9,27.33,42,South Africa,Perth,30 Nov 2012,johnson
22,2,79,6,3.59,13.16,22,Sri Lanka,Melbourne,26 Dec 2012,johnson
28,4,92,3,3.28,30.66,56,Sri Lanka,Sydney,3 Jan 2013,johnson
19,3,60,0,3.15,-,-,India,Delhi,22 Mar 2013,johnson
38.1,9,103,9,2.69,11.44,25.4,England,Brisbane,21 Nov 2013,johnson
41.2,16,113,8,2.73,14.12,31,England,Adelaide,5 Dec 2013,johnson
47.2,13,140,6,2.95,23.33,47.3,England,Perth,13 Dec 2013,johnson
39,9,88,8,2.25,11,29.2,England,Melbourne,26 Dec 2013,johnson
22.5,4,73,6,3.19,12.16,22.8,England,Sydney,3 Jan 2014,johnson
33.1,4,127,12,3.82,10.58,16.5,South Africa,Centurion,12 Feb 2014,johnson
40,6,121,3,3.02,40.33,80,South Africa,Port Elizabeth,20 Feb 2014,johnson
53,16,134,7,2.52,19.14,45.4,South Africa,Cape Town,1 Mar 2014,johnson
43,20,73,3,1.69,24.33,86,Pakistan,Dubai (DSC),22 Oct 2014,johnson
32,8,104,3,3.25,34.66,64,Pakistan,Abu Dhabi,30 Oct 2014,johnson
38,8,147,4,3.86,36.75,57,India,Adelaide,9 Dec 2014,johnson
38.3,8,142,4,3.68,35.5,57.7,India,Brisbane,17 Dec 2014,johnson
45.5,9,173,5,3.77,34.6,55,India,Melbourne,26 Dec 2014,johnson
28.5,5,72,5,2.49,14.4,34.6,West Indies,Roseau,3 Jun 2015,johnson
22,3,77,3,3.5,25.66,44,West Indies,Kingston,11 Jun 2015,johnson
43,6,176,4,4.09,44,64.5,India,Mohali,17 Oct 2008,siddle
42.5,7,128,1,2.98,128,257,South Africa,Perth,17 Dec 2008,siddle
48,14,115,4,2.39,28.75,72,South Africa,Melbourne,26 Dec 2008,siddle
54.5,23,113,8,2.06,14.12,41.1,South Africa,Sydney,3 Jan 2009,siddle
46,9,122,6,2.65,20.33,46,South Africa,Johannesburg,26 Feb 2009,siddle
41.3,18,81,5,1.95,16.2,49.8,South Africa,Durban,6 Mar 2009,siddle
35,15,67,1,1.91,67,210,South Africa,Cape Town,19 Mar 2009,siddle
45,5,172,3,3.82,57.33,90,England,Cardiff,8 Jul 2009,siddle
35.2,5,140,4,3.96,35,53,England,Lord's,16 Jul 2009,siddle
21.3,3,89,3,4.13,29.66,43,England,Birmingham,30 Jul 2009,siddle
21.5,2,71,6,3.25,11.83,21.8,England,Leeds,7 Aug 2009,siddle
38,9,144,4,3.78,36,57,England,The Oval,20 Aug 2009,siddle
23,7,92,2,4,46,69,West Indies,Brisbane,26 Nov 2009,siddle
33,8,120,1,3.63,120,198,West Indies,Adelaide,4 Dec 2009,siddle
37,12,109,2,2.94,54.5,111,Pakistan,Melbourne,26 Dec 2009,siddle
26,5,89,1,3.42,89,156,Pakistan,Sydney,3 Jan 2010,siddle
35.2,15,64,5,1.81,12.8,42.4,Pakistan,Hobart,14 Jan 2010,siddle
40,7,144,6,3.6,24,40,England,Brisbane,25 Nov 2010,siddle
30,3,121,0,4.03,-,-,England,Adelaide,3 Dec 2010,siddle
13,3,33,1,2.53,33,78,England,Perth,16 Dec 2010,siddle
33.1,10,75,6,2.26,12.5,33.1,England,Melbourne,26 Dec 2010,siddle
31,5,111,1,3.58,111,186,England,Sydney,3 Jan 2011,siddle
35,8,91,4,2.6,22.75,52.5,Sri Lanka,Colombo (SSC),16 Sep 2011,siddle
16.2,1,65,1,3.97,65,98,South Africa,Cape Town,9 Nov 2011,siddle
42,14,140,3,3.33,46.66,84,South Africa,Johannesburg,17 Nov 2011,siddle
40,11,101,3,2.52,33.66,80,New Zealand,Brisbane,1 Dec 2011,siddle
38,14,108,6,2.84,18,38,New Zealand,Hobart,9 Dec 2011,siddle
30.1,3,105,6,3.48,17.5,30.1,India,Melbourne,26 Dec 2011,siddle
37.3,11,143,5,3.81,28.6,45,India,Sydney,3 Jan 2012,siddle
27.2,8,85,6,3.1,14.16,27.3,India,Perth,13 Jan 2012,siddle
29,7,96,6,3.31,16,29,India,Adelaide,24 Jan 2012,siddle
48,12,115,3,2.39,38.33,96,West Indies,Bridgetown,7 Apr 2012,siddle
53,10,147,3,2.77,49,106,South Africa,Brisbane,9 Nov 2012,siddle
63.5,21,195,6,3.05,32.5,63.8,South Africa,Adelaide,22 Nov 2012,siddle
51.3,22,104,9,2.01,11.55,34.3,Sri Lanka,Hobart,14 Dec 2012,siddle
13.2,1,62,3,4.65,20.66,26.6,Sri Lanka,Melbourne,26 Dec 2012,siddle
32,7,88,3,2.75,29.33,64,Sri Lanka,Sydney,3 Jan 2013,siddle
27.3,7,70,1,2.54,70,165,India,Chennai,22 Feb 2013,siddle
31,6,92,1,2.96,92,186,India,Hyderabad (Deccan),2 Mar 2013,siddle
40.1,11,105,6,2.61,17.5,40.1,India,Mohali,14 Mar 2013,siddle
12,3,38,1,3.16,38,72,India,Delhi,22 Mar 2013,siddle
47.5,16,135,8,2.82,16.87,35.8,England,Nottingham,10 Jul 2013,siddle
43,12,141,3,3.27,47,86,England,Lord's,18 Jul 2013,siddle
33,7,71,5,2.15,14.2,39.6,England,Manchester,1 Aug 2013,siddle
35,10,100,1,2.85,100,210,England,Chester-le-Street,9 Aug 2013,siddle
31,7,90,0,2.9,-,-,England,The Oval,21 Aug 2013,siddle
26.4,6,49,2,1.83,24.5,80,England,Brisbane,21 Nov 2013,siddle
33,8,91,5,2.75,18.2,39.6,England,Adelaide,5 Dec 2013,siddle
42,16,103,4,2.45,25.75,63,England,Perth,13 Dec 2013,siddle
38,13,96,2,2.52,48,114,England,Melbourne,26 Dec 2013,siddle
17,5,47,3,2.76,15.66,34,England,Sydney,3 Jan 2014,siddle
29,7,88,3,3.03,29.33,58,South Africa,Centurion,12 Feb 2014,siddle
53,11,185,2,3.49,92.5,159,South Africa,Port Elizabeth,20 Feb 2014,siddle
38,16,94,1,2.47,94,228,Pakistan,Dubai (DSC),22 Oct 2014,siddle
45,12,123,1,2.73,123,270,Pakistan,Abu Dhabi,30 Oct 2014,siddle
27.4,5,109,2,3.93,54.5,83,India,Adelaide,9 Dec 2014,siddle
