Team,Score,Overs,RPO,Result,Opposition,Ground,StartDate
AU,291,169.0x4,2.58,won,EN,Melbourne,30 Dec 1882
EN,177,107.2x4,2.46,lost,AU,Melbourne,30 Dec 1882
EN,169,99.1x4,2.55,lost,AU,Melbourne,30 Dec 1882
AU,58/1,53.1x4,1.63,won,EN,Melbourne,30 Dec 1882
EN,294,183.3x4,2.4,won,AU,Melbourne,19 Jan 1883
AU,114,98.2x4,1.73,lost,EN,Melbourne,19 Jan 1883
AU,153,69.0x4,3.32,lost,EN,Melbourne,19 Jan 1883
EN,247,143.0x4,2.59,won,AU,Sydney,26 Jan 1883
AU,218,179.1x4,1.82,lost,EN,Sydney,26 Jan 1883
EN,123,80.1x4,2.29,won,AU,Sydney,26 Jan 1883
AU,83,69.2x4,1.79,lost,EN,Sydney,26 Jan 1883
EN,95,63.0x4,2.26,draw,AU,Manchester,10 Jul 1884
AU,182,130.0x4,2.1,draw,EN,Manchester,10 Jul 1884
EN,180/9,130.0x4,2.07,draw,AU,Manchester,10 Jul 1884
AU,229,105.2x4,3.25,lost,EN,Lord's,21 Jul 1884
EN,379,184.1x4,3.08,won,AU,Lord's,21 Jul 1884
AU,145,94.1x4,2.3,lost,EN,Lord's,21 Jul 1884
AU,551,311.0x4,2.65,draw,EN,The Oval,11 Aug 1884
EN,346,198.0x4,2.62,draw,AU,The Oval,11 Aug 1884
EN,85/2,26.0x4,4.9,draw,AU,The Oval,11 Aug 1884
AU,243,149.1x4,2.44,lost,EN,Adelaide,12 Dec 1884
EN,369,243.2x4,2.27,won,AU,Adelaide,12 Dec 1884
AU,191,116.1x4,2.46,lost,EN,Adelaide,12 Dec 1884
EN,67/2,31.0x4,3.24,won,AU,Adelaide,12 Dec 1884
EN,401,216.2x4,2.77,won,AU,Melbourne,1 Jan 1885
AU,279,274.1x4,1.52,lost,EN,Melbourne,1 Jan 1885
AU,126,114.3x4,1.64,lost,EN,Melbourne,1 Jan 1885
EN,7/0,1.1x4,8.4,won,AU,Melbourne,1 Jan 1885
AU,181,167.2x4,1.62,won,EN,Sydney,20 Feb 1885
EN,133,95.1x4,2.09,lost,AU,Sydney,20 Feb 1885
AU,165,157.0x4,1.57,won,EN,Sydney,20 Feb 1885
EN,207,111.1x4,2.79,lost,AU,Sydney,20 Feb 1885
EN,269,126.0x4,3.2,lost,AU,Sydney,14 Mar 1885
AU,309,169.3x4,2.73,won,EN,Sydney,14 Mar 1885
EN,77,39.1x4,2.94,lost,AU,Sydney,14 Mar 1885
AU,38/2,24.3x4,2.3,won,EN,Sydney,14 Mar 1885
AU,163,106.0x4,2.3,lost,EN,Melbourne,21 Mar 1885
EN,386,221.3x4,2.61,won,AU,Melbourne,21 Mar 1885
AU,125,102.1x4,1.83,lost,EN,Melbourne,21 Mar 1885
AU,205,137.1x4,2.24,lost,EN,Manchester,5 Jul 1886
EN,223,157.2x4,2.12,won,AU,Manchester,5 Jul 1886
AU,123,118.3x4,1.55,lost,EN,Manchester,5 Jul 1886
EN,107/6,77.2x4,2.07,won,AU,Manchester,5 Jul 1886
EN,353,259.0x4,2.04,won,AU,Lord's,19 Jul 1886
AU,121,82.3x4,2.19,lost,EN,Lord's,19 Jul 1886
AU,126,111.1x4,1.69,lost,EN,Lord's,19 Jul 1886
EN,434,304.1x4,2.13,won,AU,The Oval,12 Aug 1886
AU,68,60.2x4,1.68,lost,EN,The Oval,12 Aug 1886
AU,149,97.0x4,2.3,lost,EN,The Oval,12 Aug 1886
EN,45,35.3x4,1.88,won,AU,Sydney,28 Jan 1887
AU,119,113.1x4,1.57,lost,EN,Sydney,28 Jan 1887
EN,184,136.2x4,2.02,won,AU,Sydney,28 Jan 1887
AU,97,107.0x4,1.35,lost,EN,Sydney,28 Jan 1887
EN,151,109.0x4,2.07,won,AU,Sydney,25 Feb 1887
AU,84,55.1x4,2.28,lost,EN,Sydney,25 Feb 1887
EN,154,140.1x4,1.64,won,AU,Sydney,25 Feb 1887
AU,150,110.0x4,2.04,lost,EN,Sydney,25 Feb 1887
EN,113,100.0x4,1.69,won,AU,Sydney,10 Feb 1888
AU,42,37.3x4,1.66,lost,EN,Sydney,10 Feb 1888
EN,137,75.0x4,2.74,won,AU,Sydney,10 Feb 1888
AU,82,69.2x4,1.76,lost,EN,Sydney,10 Feb 1888
AU,116,71.2x4,2.43,won,EN,Lord's,16 Jul 1888
EN,53,50.0x4,1.59,lost,AU,Lord's,16 Jul 1888
AU,60,29.2x4,3.05,won,EN,Lord's,16 Jul 1888
EN,62,47.0x4,1.97,lost,AU,Lord's,16 Jul 1888
AU,80,90.3x4,1.32,lost,EN,The Oval,13 Aug 1888
EN,317,138.2x4,3.43,won,AU,The Oval,13 Aug 1888
AU,100,69.2x4,2.15,lost,EN,The Oval,13 Aug 1888
EN,172,113.1x4,2.27,won,AU,Manchester,30 Aug 1888
AU,81,52.2x4,2.31,lost,EN,Manchester,30 Aug 1888
AU,70,31.1x4,3.36,lost,EN,Manchester,30 Aug 1888
AU,132,86.0x5,1.84,lost,EN,Lord's,21 Jul 1890
EN,173,110.1x5,1.88,won,AU,Lord's,21 Jul 1890
AU,176,140.2x5,1.5,lost,EN,Lord's,21 Jul 1890
EN,137/3,75.0x5,2.19,won,AU,Lord's,21 Jul 1890
AU,92,65.2x5,1.68,lost,EN,The Oval,11 Aug 1890
EN,100,55.0x5,2.18,won,AU,The Oval,11 Aug 1890
AU,102,60.2x5,2.02,lost,EN,The Oval,11 Aug 1890
EN,95/8,51.0x5,2.23,won,AU,The Oval,11 Aug 1890
AU,240,151.1,1.58,won,EN,Melbourne,1 Jan 1892
EN,264,91.4,2.88,lost,AU,Melbourne,1 Jan 1892
AU,236,191.5,1.23,won,EN,Melbourne,1 Jan 1892
EN,158,82.2,1.91,lost,AU,Melbourne,1 Jan 1892
AU,144,94.2,1.52,won,EN,Sydney,29 Jan 1892
EN,307,114.2,2.68,lost,AU,Sydney,29 Jan 1892
AU,391,219.4,1.77,won,EN,Sydney,29 Jan 1892
EN,156,66.2,2.35,lost,AU,Sydney,29 Jan 1892
EN,499,173.1,2.88,won,AU,Adelaide,24 Mar 1892
AU,100,42.5,2.33,lost,EN,Adelaide,24 Mar 1892
AU,169,68,2.48,lost,EN,Adelaide,24 Mar 1892
EN,334,125.0x5,3.2,draw,AU,Lord's,17 Jul 1893
AU,269,114.1x5,2.82,draw,EN,Lord's,17 Jul 1893
EN,234/8d,116.4x5,2.4,draw,AU,Lord's,17 Jul 1893
EN,483,187.0x5,3.09,won,AU,The Oval,14 Aug 1893
AU,91,37.3x5,2.9,lost,EN,The Oval,14 Aug 1893
AU,349,98.0x5,4.27,lost,EN,The Oval,14 Aug 1893
AU,204,96.4x5,2.52,draw,EN,Manchester,24 Aug 1893
EN,243,140.2x5,2.07,draw,AU,Manchester,24 Aug 1893
AU,236,95.3x5,2.96,draw,EN,Manchester,24 Aug 1893
EN,118/4,63.0x5,2.24,draw,AU,Manchester,24 Aug 1893
AU,586,172.3,3.39,lost,EN,Sydney,14 Dec 1894
EN,325,140.3,2.31,won,AU,Sydney,14 Dec 1894
EN,437,181.4,2.4,won,AU,Sydney,14 Dec 1894
AU,166,68,2.44,lost,EN,Sydney,14 Dec 1894
EN,75,40.1,1.86,won,AU,Melbourne,29 Dec 1894
AU,123,55.5,2.2,lost,EN,Melbourne,29 Dec 1894
EN,475,202.2,2.34,won,AU,Melbourne,29 Dec 1894
AU,333,136.1,2.44,lost,EN,Melbourne,29 Dec 1894
AU,238,81.1,2.93,won,EN,Adelaide,11 Jan 1895
EN,124,57.3,2.15,lost,AU,Adelaide,11 Jan 1895
AU,411,115.2,3.56,won,EN,Adelaide,11 Jan 1895
EN,143,67.1,2.12,lost,AU,Adelaide,11 Jan 1895
AU,284,83.5,3.38,won,EN,Sydney,1 Feb 1895
EN,65,38.5,1.67,lost,AU,Sydney,1 Feb 1895
EN,72,29.1,2.46,lost,AU,Sydney,1 Feb 1895
AU,414,148.4,2.78,lost,EN,Melbourne,1 Mar 1895
EN,385,133,2.89,won,AU,Melbourne,1 Mar 1895
AU,267,123.2,2.16,lost,EN,Melbourne,1 Mar 1895
EN,298/4,88.1,3.37,won,AU,Melbourne,1 Mar 1895
AU,53,22.3x5,2.81,lost,EN,Lord's,22 Jun 1896
EN,292,107.4x5,3.25,won,AU,Lord's,22 Jun 1896
AU,347,133.0x5,3.13,lost,EN,Lord's,22 Jun 1896
EN,111/4,47.1x5,2.82,won,AU,Lord's,22 Jun 1896
AU,412,170.0x5,2.9,won,EN,Manchester,16 Jul 1896
EN,231,90.0x5,3.08,lost,AU,Manchester,16 Jul 1896
EN,305,90.1x5,4.05,lost,AU,Manchester,16 Jul 1896
AU,125/7,84.3x5,1.77,won,EN,Manchester,16 Jul 1896
EN,145,81.3x5,2.13,won,AU,The Oval,10 Aug 1896
AU,119,53.1x5,2.68,lost,EN,The Oval,10 Aug 1896
EN,84,49.0x5,2.05,won,AU,The Oval,10 Aug 1896
AU,44,26.0x5,2.03,lost,EN,The Oval,10 Aug 1896
EN,551,175,3.14,won,AU,Sydney,13 Dec 1897
AU,237,100.1,2.36,lost,EN,Sydney,13 Dec 1897
AU,408,121,3.37,lost,EN,Sydney,13 Dec 1897
EN,96/1,28,3.42,won,AU,Sydney,13 Dec 1897
AU,520,185,2.81,won,EN,Melbourne,1 Jan 1898
EN,315,119.5,2.62,lost,AU,Melbourne,1 Jan 1898
EN,150,65.4,2.28,lost,AU,Melbourne,1 Jan 1898
AU,573,214.2,2.67,won,EN,Adelaide,14 Jan 1898
EN,278,126.5,2.19,lost,AU,Adelaide,14 Jan 1898
EN,282,144,1.95,lost,AU,Adelaide,14 Jan 1898
AU,323,101.4,3.17,won,EN,Melbourne,29 Jan 1898
EN,174,61.1,2.84,lost,AU,Melbourne,29 Jan 1898
EN,263,114.2,2.3,lost,AU,Melbourne,29 Jan 1898
AU,115/2,39.4,2.89,won,EN,Melbourne,29 Jan 1898
EN,335,129.2,2.59,lost,AU,Sydney,26 Feb 1898
AU,239,100.1,2.38,won,EN,Sydney,26 Feb 1898
EN,178,78.1,2.27,lost,AU,Sydney,26 Feb 1898
AU,276/4,62.4,4.4,won,EN,Sydney,26 Feb 1898
AU,252,152.2x5,1.98,draw,EN,Nottingham,1 Jun 1899
EN,193,90.4x5,2.55,draw,AU,Nottingham,1 Jun 1899
AU,230/8d,94.0x5,2.93,draw,EN,Nottingham,1 Jun 1899
EN,155/7,99.0x5,1.87,draw,AU,Nottingham,1 Jun 1899
EN,206,80.1x5,3.08,lost,AU,Lord's,15 Jun 1899
AU,421,170.1x5,2.96,won,EN,Lord's,15 Jun 1899
EN,240,117.4x5,2.44,lost,AU,Lord's,15 Jun 1899
AU,28/0,11.0x5,3.05,won,EN,Lord's,15 Jun 1899
AU,172,77.1x5,2.67,draw,EN,Leeds,29 Jun 1899
EN,220,118.3x5,2.22,draw,AU,Leeds,29 Jun 1899
AU,224,85.3x5,3.14,draw,EN,Leeds,29 Jun 1899
EN,19/0,7.0x5,3.25,draw,AU,Leeds,29 Jun 1899
EN,372,141.1x5,3.16,draw,AU,Manchester,17 Jul 1899
AU,196,82.3x5,2.84,draw,EN,Manchester,17 Jul 1899
AU,346/7d,181.0x5,2.29,draw,EN,Manchester,17 Jul 1899
EN,94/3,27.0x5,4.17,draw,AU,Manchester,17 Jul 1899
EN,576,193.4x5,3.56,draw,AU,The Oval,14 Aug 1899
AU,352,143.3x5,2.94,draw,EN,The Oval,14 Aug 1899
AU,254/5,100.0x5,3.04,draw,EN,The Oval,14 Aug 1899
EN,464,186,2.49,won,AU,Sydney,13 Dec 1901
AU,168,72.1,2.32,lost,EN,Sydney,13 Dec 1901
AU,172,57.4,2.98,lost,EN,Sydney,13 Dec 1901
AU,112,32.1,3.48,won,EN,Melbourne,1 Jan 1902
EN,61,15.4,3.89,lost,AU,Melbourne,1 Jan 1902
AU,353,156.2,2.25,won,EN,Melbourne,1 Jan 1902
EN,175,79.5,2.19,lost,AU,Melbourne,1 Jan 1902
EN,388,170,2.28,lost,AU,Adelaide,17 Jan 1902
AU,321,113,2.84,won,EN,Adelaide,17 Jan 1902
EN,247,111,2.22,lost,AU,Adelaide,17 Jan 1902
AU,315/6,134,2.35,won,EN,Adelaide,17 Jan 1902
EN,317,138.2,2.29,lost,AU,Sydney,14 Feb 1902
AU,299,139,2.15,won,EN,Sydney,14 Feb 1902
EN,99,48.1,2.05,lost,AU,Sydney,14 Feb 1902
AU,121/3,36.3,3.31,won,EN,Sydney,14 Feb 1902
AU,144,53,2.71,won,EN,Melbourne,28 Feb 1902
EN,189,67.3,2.8,lost,AU,Melbourne,28 Feb 1902
AU,255,89.1,2.85,won,EN,Melbourne,28 Feb 1902
EN,178,65.3,2.71,lost,AU,Melbourne,28 Feb 1902
EN,376/9d,142,2.64,draw,AU,Birmingham,29 May 1902
AU,36,23,1.56,draw,EN,Birmingham,29 May 1902
AU,46/2,28,1.64,draw,EN,Birmingham,29 May 1902
AU,DNB,0,,draw,EN,Lord's,12 Jun 1902
EN,102/2,38,2.68,draw,AU,Lord's,12 Jun 1902
AU,194,66.1,2.93,won,EN,Sheffield,3 Jul 1902
EN,145,61.3,2.35,lost,AU,Sheffield,3 Jul 1902
AU,289,72.1,4,won,EN,Sheffield,3 Jul 1902
EN,195,60.5,3.2,lost,AU,Sheffield,3 Jul 1902
AU,299,76.1,3.92,won,EN,Manchester,24 Jul 1902
EN,262,114,2.29,lost,AU,Manchester,24 Jul 1902
AU,86,47.4,1.8,won,EN,Manchester,24 Jul 1902
EN,120,49.4,2.41,lost,AU,Manchester,24 Jul 1902
AU,324,123.5,2.61,lost,EN,The Oval,11 Aug 1902
EN,183,61,3,won,AU,The Oval,11 Aug 1902
AU,121,60,2.01,lost,EN,The Oval,11 Aug 1902
EN,263/9,66.5,3.93,won,AU,The Oval,11 Aug 1902
AU,285,118.2,2.4,lost,EN,Sydney,11 Dec 1903
EN,577,181.2,3.18,won,AU,Sydney,11 Dec 1903
AU,485,145.2,3.33,lost,EN,Sydney,11 Dec 1903
EN,194/5,95.5,2.02,won,AU,Sydney,11 Dec 1903
EN,315,152.5,2.06,won,AU,Melbourne,1 Jan 1904
AU,122,30.2,4.02,lost,EN,Melbourne,1 Jan 1904
EN,103,28.5,3.57,won,AU,Melbourne,1 Jan 1904
AU,111,29.4,3.74,lost,EN,Melbourne,1 Jan 1904
AU,388,106.1,3.65,won,EN,Adelaide,15 Jan 1904
EN,245,102,2.4,lost,AU,Adelaide,15 Jan 1904
AU,351,114.5,3.05,won,EN,Adelaide,15 Jan 1904
EN,278,117.1,2.37,lost,AU,Adelaide,15 Jan 1904
EN,249,114.1,2.18,won,AU,Sydney,26 Feb 1904
AU,131,51.3,2.54,lost,EN,Sydney,26 Feb 1904
EN,210,99.3,2.11,won,AU,Sydney,26 Feb 1904
AU,171,72.5,2.34,lost,EN,Sydney,26 Feb 1904
AU,247,82.1,3,won,EN,Melbourne,5 Mar 1904
EN,61,31.2,1.94,lost,AU,Melbourne,5 Mar 1904
AU,133,43.5,3.03,won,EN,Melbourne,5 Mar 1904
EN,101,22.5,4.42,lost,AU,Melbourne,5 Mar 1904
EN,196,71.3,2.74,won,AU,Nottingham,29 May 1905
AU,221,63.5,3.46,lost,EN,Nottingham,29 May 1905
EN,426/5d,153,2.78,won,AU,Nottingham,29 May 1905
AU,188,72.4,2.58,lost,EN,Nottingham,29 May 1905
EN,282,140,2.01,draw,AU,Lord's,15 Jun 1905
AU,181,50.1,3.6,draw,EN,Lord's,15 Jun 1905
EN,151/5,50,3.02,draw,AU,Lord's,15 Jun 1905
EN,301,128.3,2.34,draw,AU,Leeds,3 Jul 1905
AU,195,53.2,3.65,draw,EN,Leeds,3 Jul 1905
EN,295/5d,104,2.83,draw,AU,Leeds,3 Jul 1905
AU,224/7,91,2.46,draw,EN,Leeds,3 Jul 1905
EN,446,157.5,2.82,won,AU,Manchester,24 Jul 1905
AU,197,45.5,4.29,lost,EN,Manchester,24 Jul 1905
AU,169,52.3,3.21,lost,EN,Manchester,24 Jul 1905
EN,430,130,3.3,draw,AU,The Oval,14 Aug 1905
AU,363,93.1,3.89,draw,EN,The Oval,14 Aug 1905
EN,261/6d,80.3,3.24,draw,AU,The Oval,14 Aug 1905
AU,124/4,37,3.35,draw,EN,The Oval,14 Aug 1905
EN,273,76.5,3.55,lost,AU,Sydney,13 Dec 1907
AU,300,91.2,3.28,won,EN,Sydney,13 Dec 1907
EN,300,109,2.75,lost,AU,Sydney,13 Dec 1907
AU,275/8,98.3,2.79,won,EN,Sydney,13 Dec 1907
AU,266,100.5,2.63,lost,EN,Melbourne,1 Jan 1908
EN,382,135.2,2.82,won,AU,Melbourne,1 Jan 1908
AU,397,121.4,3.26,lost,EN,Melbourne,1 Jan 1908
EN,282/9,121.4,2.31,won,AU,Melbourne,1 Jan 1908
AU,285,94.5,3,won,EN,Adelaide,10 Jan 1908
EN,363,132,2.75,lost,AU,Adelaide,10 Jan 1908
AU,506,167.5,3.01,won,EN,Adelaide,10 Jan 1908
EN,183,63.4,2.87,lost,AU,Adelaide,10 Jan 1908
AU,214,85.5,2.49,won,EN,Melbourne,7 Feb 1908
EN,105,34.2,3.05,lost,AU,Melbourne,7 Feb 1908
AU,385,124,3.1,won,EN,Melbourne,7 Feb 1908
EN,186,68.1,2.72,lost,AU,Melbourne,7 Feb 1908
AU,137,50.4,2.7,won,EN,Sydney,21 Feb 1908
EN,281,96.1,2.92,lost,AU,Sydney,21 Feb 1908
AU,422,127.4,3.3,won,EN,Sydney,21 Feb 1908
EN,229,105.1,2.17,lost,AU,Sydney,21 Feb 1908
AU,74,46,1.6,lost,EN,Birmingham,27 May 1909
EN,121,55.3,2.18,won,AU,Birmingham,27 May 1909
AU,151,52.5,2.85,lost,EN,Birmingham,27 May 1909
EN,105/0,32.2,3.24,won,AU,Birmingham,27 May 1909
EN,269,107.2,2.5,lost,AU,Lord's,14 Jun 1909
AU,350,119.5,2.92,won,EN,Lord's,14 Jun 1909
EN,121,60.5,1.98,lost,AU,Lord's,14 Jun 1909
AU,41/1,15.4,2.61,won,EN,Lord's,14 Jun 1909
AU,188,73.1,2.56,won,EN,Leeds,1 Jul 1909
EN,182,84.3,2.15,lost,AU,Leeds,1 Jul 1909
AU,207,96.1,2.15,won,EN,Leeds,1 Jul 1909
EN,87,37.5,2.29,lost,AU,Leeds,1 Jul 1909
AU,147,54.3,2.69,draw,EN,Manchester,26 Jul 1909
EN,119,52.2,2.27,draw,AU,Manchester,26 Jul 1909
AU,279/9d,84.3,3.3,draw,EN,Manchester,26 Jul 1909
EN,108/3,55,1.96,draw,AU,Manchester,26 Jul 1909
AU,325,89.3,3.63,draw,EN,The Oval,9 Aug 1909
EN,352,106.4,3.3,draw,AU,The Oval,9 Aug 1909
AU,339/5d,100,3.39,draw,EN,The Oval,9 Aug 1909
EN,104/3,33,3.15,draw,AU,The Oval,9 Aug 1909
AU,447,127,3.51,won,EN,Sydney,15 Dec 1911
EN,318,101.5,3.12,lost,AU,Sydney,15 Dec 1911
AU,308,104.3,2.94,won,EN,Sydney,15 Dec 1911
EN,291,123.2,2.35,lost,AU,Sydney,15 Dec 1911
AU,184,62.1,2.95,lost,EN,Melbourne,30 Dec 1911
EN,265,98.1,2.69,won,AU,Melbourne,30 Dec 1911
AU,299,91.1,3.27,lost,EN,Melbourne,30 Dec 1911
EN,219/2,67.1,3.26,won,AU,Melbourne,30 Dec 1911
AU,133,60,2.21,lost,EN,Adelaide,12 Jan 1912
EN,501,177.1,2.82,won,AU,Adelaide,12 Jan 1912
AU,476,153.4,3.09,lost,EN,Adelaide,12 Jan 1912
EN,112/3,42.2,2.64,won,AU,Adelaide,12 Jan 1912
AU,191,65.1,2.93,lost,EN,Melbourne,9 Feb 1912
EN,589,190.5,3.08,won,AU,Melbourne,9 Feb 1912
AU,173,61.5,2.79,lost,EN,Melbourne,9 Feb 1912
EN,324,129,2.51,won,AU,Sydney,23 Feb 1912
AU,176,53,3.32,lost,EN,Sydney,23 Feb 1912
EN,214,70.3,3.03,won,AU,Sydney,23 Feb 1912
AU,292,102.1,2.85,lost,EN,Sydney,23 Feb 1912
EN,310/7d,90,3.44,draw,AU,Lord's,24 Jun 1912
AU,282/7,127.2,2.21,draw,EN,Lord's,24 Jun 1912
EN,203,92.5,2.18,draw,AU,Manchester,29 Jul 1912
AU,14/0,13,1.07,draw,EN,Manchester,29 Jul 1912
EN,245,114.1,2.14,won,AU,The Oval,19 Aug 1912
AU,111,54.4,2.03,lost,EN,The Oval,19 Aug 1912
EN,175,86.4,2.01,won,AU,The Oval,19 Aug 1912
AU,65,22.4,2.86,lost,EN,The Oval,19 Aug 1912
AU,267,114.5,2.32,won,EN,Sydney,17 Dec 1920
EN,190,59.1,3.21,lost,AU,Sydney,17 Dec 1920
AU,581,192.3,3.01,won,EN,Sydney,17 Dec 1920
EN,281,102.5,2.73,lost,AU,Sydney,17 Dec 1920
AU,499,137.3,3.62,won,EN,Melbourne,31 Dec 1920
EN,251,87.3,2.86,lost,AU,Melbourne,31 Dec 1920
EN,157,67.2,2.33,lost,AU,Melbourne,31 Dec 1920
AU,354,108,3.27,won,EN,Adelaide,14 Jan 1921
EN,447,132.1,3.38,lost,AU,Adelaide,14 Jan 1921
AU,582,185.5,3.13,won,EN,Adelaide,14 Jan 1921
EN,370,106.2,3.47,lost,AU,Adelaide,14 Jan 1921
EN,284,99.2,2.85,lost,AU,Melbourne,11 Feb 1921
AU,389,112.1,3.46,won,EN,Melbourne,11 Feb 1921
EN,315,117,2.69,lost,AU,Melbourne,11 Feb 1921
AU,211/2,64.2,3.27,won,EN,Melbourne,11 Feb 1921
EN,204,70.1,2.9,lost,AU,Sydney,25 Feb 1921
AU,392,91.3,4.28,won,EN,Sydney,25 Feb 1921
EN,280,101.2,2.76,lost,AU,Sydney,25 Feb 1921
AU,93/1,34.2,2.7,won,EN,Sydney,25 Feb 1921
EN,112,37,3.02,lost,AU,Nottingham,28 May 1921
AU,232,78,2.97,won,EN,Nottingham,28 May 1921
EN,147,85.4,1.71,lost,AU,Nottingham,28 May 1921
AU,30/0,6.1,4.86,won,EN,Nottingham,28 May 1921
EN,187,68.2,2.73,lost,AU,Lord's,11 Jun 1921
AU,342,84.1,4.06,won,EN,Lord's,11 Jun 1921
EN,283,90.2,3.13,lost,AU,Lord's,11 Jun 1921
AU,131/2,30.3,4.29,won,EN,Lord's,11 Jun 1921
AU,407,93.1,4.36,won,EN,Leeds,2 Jul 1921
EN,259,93.1,2.77,lost,AU,Leeds,2 Jul 1921
AU,273/7d,73,3.73,won,EN,Leeds,2 Jul 1921
EN,202,52.2,3.85,lost,AU,Leeds,2 Jul 1921
EN,362/4d,120,3.01,draw,AU,Manchester,23 Jul 1921
AU,175,116.4,1.5,draw,EN,Manchester,23 Jul 1921
EN,44/1,13,3.38,draw,AU,Manchester,23 Jul 1921
EN,403/8d,127,3.17,draw,AU,The Oval,13 Aug 1921
AU,389,102,3.81,draw,EN,The Oval,13 Aug 1921
EN,244/2,58,4.2,draw,AU,The Oval,13 Aug 1921
AU,450,152.2x8,2.21,won,EN,Sydney,19 Dec 1924
EN,298,79.7x8,2.79,lost,AU,Sydney,19 Dec 1924
AU,452,125.7x8,2.69,won,EN,Sydney,19 Dec 1924
EN,411,96.7x8,3.18,lost,AU,Sydney,19 Dec 1924
AU,600,149.5x8,3,won,EN,Melbourne,1 Jan 1925
EN,479,138.0x8,2.6,lost,AU,Melbourne,1 Jan 1925
AU,250,79.3x8,2.36,won,EN,Melbourne,1 Jan 1925
EN,290,106.3x8,2.04,lost,AU,Melbourne,1 Jan 1925
AU,489,153.0x8,2.39,won,EN,Adelaide,16 Jan 1925
EN,365,117.2x8,2.33,lost,AU,Adelaide,16 Jan 1925
AU,250,68.1x8,2.75,won,EN,Adelaide,16 Jan 1925
EN,363,111.2x8,2.44,lost,AU,Adelaide,16 Jan 1925
EN,548,151.6x8,2.7,won,AU,Melbourne,13 Feb 1925
AU,269,63.3x8,3.18,lost,EN,Melbourne,13 Feb 1925
AU,250,74.5x8,2.51,lost,EN,Melbourne,13 Feb 1925
AU,295,102.5x8,2.15,won,EN,Sydney,27 Feb 1925
EN,167,47.7x8,2.61,lost,AU,Sydney,27 Feb 1925
AU,325,118.3x8,2.05,won,EN,Sydney,27 Feb 1925
EN,146,44.4x8,2.46,lost,AU,Sydney,27 Feb 1925
AU,DNB,0,,draw,EN,Nottingham,12 Jun 1926
EN,32/0,17.2,1.84,draw,AU,Nottingham,12 Jun 1926
AU,383,154.5,2.47,draw,EN,Lord's,26 Jun 1926
EN,475/3d,168,2.82,draw,AU,Lord's,26 Jun 1926
AU,194/5,88,2.2,draw,EN,Lord's,26 Jun 1926
AU,494,165,2.99,draw,EN,Leeds,10 Jul 1926
EN,294,128,2.29,draw,AU,Leeds,10 Jul 1926
EN,254/3,86,2.95,draw,AU,Leeds,10 Jul 1926
AU,335,150.2,2.22,draw,EN,Manchester,24 Jul 1926
EN,305/5,125,2.44,draw,AU,Manchester,24 Jul 1926
EN,280,95.5,2.92,won,AU,The Oval,14 Aug 1926
AU,302,152.1,1.98,lost,EN,The Oval,14 Aug 1926
EN,436,182.5,2.38,won,AU,The Oval,14 Aug 1926
AU,125,52.3,2.38,lost,EN,The Oval,14 Aug 1926
EN,521,175.3,2.96,won,AU,Brisbane,30 Nov 1928
AU,122,50.4,2.4,lost,EN,Brisbane,30 Nov 1928
EN,342/8d,135.1,2.53,won,AU,Brisbane,30 Nov 1928
AU,66,25.3,2.58,lost,EN,Brisbane,30 Nov 1928
AU,253,108.2,2.33,lost,EN,Sydney,14 Dec 1928
EN,636,272.1,2.33,won,AU,Sydney,14 Dec 1928
AU,397,151.4,2.61,lost,EN,Sydney,14 Dec 1928
EN,16/2,7,2.28,won,AU,Sydney,14 Dec 1928
AU,397,180.5,2.19,lost,EN,Melbourne,29 Dec 1928
EN,417,195,2.13,won,AU,Melbourne,29 Dec 1928
AU,351,165.5,2.11,lost,EN,Melbourne,29 Dec 1928
EN,332/7,159.5,2.07,won,AU,Melbourne,29 Dec 1928
EN,334,183.1,1.82,won,AU,Adelaide,1 Feb 1929
AU,369,160,2.3,lost,EN,Adelaide,1 Feb 1929
EN,383,200.4,1.9,won,AU,Adelaide,1 Feb 1929
AU,336,151.5,2.21,lost,EN,Adelaide,1 Feb 1929
EN,519,215.1,2.41,lost,AU,Melbourne,8 Mar 1929
AU,491,271.3,1.8,won,EN,Melbourne,8 Mar 1929
EN,257,86.3,2.97,lost,AU,Melbourne,8 Mar 1929
AU,287/5,134.1,2.13,won,EN,Melbourne,8 Mar 1929
EN,270,89.4,3.01,won,AU,Nottingham,13 Jun 1930
AU,144,72,2,lost,EN,Nottingham,13 Jun 1930
EN,302,96,3.14,won,AU,Nottingham,13 Jun 1930
AU,335,139.2,2.4,lost,EN,Nottingham,13 Jun 1930
EN,425,128.4,3.3,lost,AU,Lord's,27 Jun 1930
AU,729/6d,232,3.14,won,EN,Lord's,27 Jun 1930
EN,375,116.4,3.21,lost,AU,Lord's,27 Jun 1930
AU,72/3,28.2,2.54,won,EN,Lord's,27 Jun 1930
AU,566,168,3.36,draw,EN,Leeds,11 Jul 1930
EN,391,175.2,2.23,draw,AU,Leeds,11 Jul 1930
EN,95/3,51.5,1.83,draw,AU,Leeds,11 Jul 1930
AU,345,167.1,2.06,draw,EN,Manchester,25 Jul 1930
EN,251/8,108,2.32,draw,AU,Manchester,25 Jul 1930
EN,405,171.2,2.36,lost,AU,The Oval,16 Aug 1930
AU,695,256.1,2.71,won,EN,The Oval,16 Aug 1930
EN,251,99.2,2.52,lost,AU,The Oval,16 Aug 1930
AU,360,102.2,3.51,lost,EN,Sydney,2 Dec 1932
EN,524,229.4,2.28,won,AU,Sydney,2 Dec 1932
AU,164,63.3,2.58,lost,EN,Sydney,2 Dec 1932
EN,1/0,0.1,6,won,AU,Sydney,2 Dec 1932
AU,228,86.3,2.63,won,EN,Melbourne,30 Dec 1932
EN,169,85.3,1.97,lost,AU,Melbourne,30 Dec 1932
AU,191,56.5,3.36,won,EN,Melbourne,30 Dec 1932
EN,139,55.1,2.51,lost,AU,Melbourne,30 Dec 1932
EN,341,146.1,2.33,won,AU,Adelaide,13 Jan 1933
AU,222,95.4,2.32,lost,EN,Adelaide,13 Jan 1933
EN,412,191.3,2.15,won,AU,Adelaide,13 Jan 1933
AU,193,69.2,2.78,lost,EN,Adelaide,13 Jan 1933
AU,340,121,2.8,lost,EN,Brisbane,10 Feb 1933
EN,356,185.4,1.91,won,AU,Brisbane,10 Feb 1933
AU,175,68.3,2.55,lost,EN,Brisbane,10 Feb 1933
EN,162/4,79.4,2.03,won,AU,Brisbane,10 Feb 1933
AU,435,108.2,4.01,lost,EN,Sydney,23 Feb 1933
EN,454,171.2,2.64,won,AU,Sydney,23 Feb 1933
AU,182,54.4,3.32,lost,EN,Sydney,23 Feb 1933
EN,168/2,71.2,2.35,won,AU,Sydney,23 Feb 1933
AU,374,152.2,2.45,won,EN,Nottingham,8 Jun 1934
EN,268,138.3,1.93,lost,AU,Nottingham,8 Jun 1934
AU,273/8d,90,3.03,won,EN,Nottingham,8 Jun 1934
EN,141,107.4,1.3,lost,AU,Nottingham,8 Jun 1934
EN,440,198.3,2.21,won,AU,Lord's,22 Jun 1934
AU,284,109,2.6,lost,EN,Lord's,22 Jun 1934
AU,118,53.3,2.2,lost,EN,Lord's,22 Jun 1934
EN,627/9d,201,3.11,draw,AU,Manchester,6 Jul 1934
AU,491,190.3,2.57,draw,EN,Manchester,6 Jul 1934
EN,123/0d,52,2.36,draw,AU,Manchester,6 Jul 1934
AU,66/1,27,2.44,draw,EN,Manchester,6 Jul 1934
EN,200,105.4,1.89,draw,AU,Leeds,20 Jul 1934
AU,584,183.5,3.17,draw,EN,Leeds,20 Jul 1934
EN,229/6,135.5,1.68,draw,AU,Leeds,20 Jul 1934
AU,701,171.2,4.09,won,EN,The Oval,18 Aug 1934
EN,321,117.3,2.73,lost,AU,The Oval,18 Aug 1934
AU,327,68.3,4.77,won,EN,The Oval,18 Aug 1934
EN,145,63.3,2.28,lost,AU,The Oval,18 Aug 1934
EN,358,113.6x8,2.36,won,AU,Brisbane,4 Dec 1936
AU,234,85.6x8,2.04,lost,EN,Brisbane,4 Dec 1936
EN,256,116.6x8,1.64,won,AU,Brisbane,4 Dec 1936
AU,58,12.3x8,3.51,lost,EN,Brisbane,4 Dec 1936
EN,426/6d,141.2x8,2.26,won,AU,Sydney,18 Dec 1936
AU,80,23.7x8,2.51,lost,EN,Sydney,18 Dec 1936
AU,324,96.7x8,2.5,lost,EN,Sydney,18 Dec 1936
AU,200/9d,65.3x8,2.29,won,EN,Melbourne,1 Jan 1937
EN,76/9d,28.2x8,2.01,lost,AU,Melbourne,1 Jan 1937
AU,564,149.7x8,2.82,won,EN,Melbourne,1 Jan 1937
EN,323,78.6x8,3.07,lost,AU,Melbourne,1 Jan 1937
AU,288,77.6x8,2.77,won,EN,Adelaide,29 Jan 1937
EN,330,113.4x8,2.18,lost,AU,Adelaide,29 Jan 1937
AU,433,123.2x8,2.63,won,EN,Adelaide,29 Jan 1937
EN,243,74.0x8,2.46,lost,AU,Adelaide,29 Jan 1937
AU,604,140.5x8,3.22,won,EN,Melbourne,26 Feb 1937
EN,239,71.5x8,2.5,lost,AU,Melbourne,26 Feb 1937
EN,165,49.2x8,2.51,lost,AU,Melbourne,26 Feb 1937
EN,658/8d,188,3.5,draw,AU,Nottingham,10 Jun 1938
AU,411,130.3,3.14,draw,EN,Nottingham,10 Jun 1938
AU,427/6d,184,2.32,draw,EN,Nottingham,10 Jun 1938
EN,494,137.3,3.59,draw,AU,Lord's,24 Jun 1938
AU,422,121.4,3.46,draw,EN,Lord's,24 Jun 1938
EN,242/8d,72,3.36,draw,AU,Lord's,24 Jun 1938
AU,204/6,48.2,4.22,draw,EN,Lord's,24 Jun 1938
EN,223,98.1,2.27,lost,AU,Leeds,22 Jul 1938
AU,242,98.4,2.45,won,EN,Leeds,22 Jul 1938
EN,123,50.5,2.41,lost,AU,Leeds,22 Jul 1938
AU,107/5,32.3,3.29,won,EN,Leeds,22 Jul 1938
EN,903/7d,335.2,2.69,won,AU,The Oval,20 Aug 1938
AU,201,52.1,3.85,lost,EN,The Oval,20 Aug 1938
AU,123,34.1,3.6,lost,EN,The Oval,20 Aug 1938
AU,645,158.6x8,3.04,won,EN,Brisbane,29 Nov 1946
EN,141,61.5x8,1.71,lost,AU,Brisbane,29 Nov 1946
EN,172,43.7x8,2.94,lost,AU,Brisbane,29 Nov 1946
EN,255,96.1x8,1.98,lost,AU,Sydney,13 Dec 1946
AU,659/8d,173.0x8,2.85,won,EN,Sydney,13 Dec 1946
EN,371,106.4x8,2.61,lost,AU,Sydney,13 Dec 1946
AU,365,97.3x8,2.81,draw,EN,Melbourne,1 Jan 1947
EN,351,108.5x8,2.42,draw,AU,Melbourne,1 Jan 1947
AU,536,113.3x8,3.54,draw,EN,Melbourne,1 Jan 1947
EN,310/7,100.0x8,2.32,draw,AU,Melbourne,1 Jan 1947
EN,460,153.0x8,2.25,draw,AU,Adelaide,31 Jan 1947
AU,487,118.4x8,3.08,draw,EN,Adelaide,31 Jan 1947
EN,340/8d,125.1x8,2.03,draw,AU,Adelaide,31 Jan 1947
AU,215/1,44.0x8,3.66,draw,EN,Adelaide,31 Jan 1947
EN,280,94.3x8,2.22,lost,AU,Sydney,28 Feb 1947
AU,253,76.0x8,2.49,won,EN,Sydney,28 Feb 1947
EN,186,60.4x8,2.3,lost,AU,Sydney,28 Feb 1947
AU,214/5,52.2x8,3.07,won,EN,Sydney,28 Feb 1947
EN,165,79,2.08,lost,AU,Nottingham,10 Jun 1948
AU,509,216.2,2.35,won,EN,Nottingham,10 Jun 1948
EN,441,183,2.4,lost,AU,Nottingham,10 Jun 1948
AU,98/2,28.3,3.43,won,EN,Nottingham,10 Jun 1948
AU,350,129.3,2.7,won,EN,Lord's,24 Jun 1948
EN,215,102.4,2.09,lost,AU,Lord's,24 Jun 1948
AU,460/7d,130.2,3.52,won,EN,Lord's,24 Jun 1948
EN,186,78.1,2.37,lost,AU,Lord's,24 Jun 1948
EN,363,171.5,2.11,draw,AU,Manchester,8 Jul 1948
AU,221,93,2.37,draw,EN,Manchester,8 Jul 1948
EN,174/3d,69,2.52,draw,AU,Manchester,8 Jul 1948
AU,92/1,61,1.5,draw,EN,Manchester,8 Jul 1948
EN,496,192.1,2.58,lost,AU,Leeds,22 Jul 1948
AU,458,136.2,3.35,won,EN,Leeds,22 Jul 1948
EN,365/8d,107,3.41,lost,AU,Leeds,22 Jul 1948
AU,404/3,114.1,3.53,won,EN,Leeds,22 Jul 1948
EN,52,42.1,1.23,lost,AU,The Oval,14 Aug 1948
AU,389,158.2,2.45,won,EN,The Oval,14 Aug 1948
EN,188,105.3,1.78,lost,AU,The Oval,14 Aug 1948
AU,228,55.5x8,3.07,won,EN,Brisbane,1 Dec 1950
EN,68/7d,22.0x8,2.31,lost,AU,Brisbane,1 Dec 1950
AU,32/7d,13.5x8,1.76,won,EN,Brisbane,1 Dec 1950
EN,122,38.0x8,2.4,lost,AU,Brisbane,1 Dec 1950
AU,194,59.1x8,2.46,won,EN,Melbourne,22 Dec 1950
EN,197,62.0x8,2.38,lost,AU,Melbourne,22 Dec 1950
AU,181,53.3x8,2.54,won,EN,Melbourne,22 Dec 1950
EN,150,63.7x8,1.76,lost,AU,Melbourne,22 Dec 1950
EN,290,98.7x8,2.19,lost,AU,Sydney,5 Jan 1951
AU,426,129.0x8,2.47,won,EN,Sydney,5 Jan 1951
EN,123,52.4x8,1.75,lost,AU,Sydney,5 Jan 1951
AU,371,96.5x8,2.87,won,EN,Adelaide,2 Feb 1951
EN,272,92.3x8,2.2,lost,AU,Adelaide,2 Feb 1951
AU,403/8d,101.6x8,2.97,won,EN,Adelaide,2 Feb 1951
EN,228,78.6x8,2.17,lost,AU,Adelaide,2 Feb 1951
AU,217,69.0x8,2.35,lost,EN,Melbourne,23 Feb 1951
EN,320,90.7x8,2.64,won,AU,Melbourne,23 Feb 1951
AU,197,64.3x8,2.29,lost,EN,Melbourne,23 Feb 1951
EN,95/2,29.6x8,2.39,won,AU,Melbourne,23 Feb 1951
AU,249,140.3,1.77,draw,EN,Nottingham,11 Jun 1953
EN,144,72.4,1.98,draw,AU,Nottingham,11 Jun 1953
AU,123,39.2,3.12,draw,EN,Nottingham,11 Jun 1953
EN,120/1,58,2.06,draw,AU,Nottingham,11 Jun 1953
AU,346,140.4,2.45,draw,EN,Lord's,25 Jun 1953
EN,372,126.5,2.93,draw,AU,Lord's,25 Jun 1953
AU,368,132.5,2.77,draw,EN,Lord's,25 Jun 1953
EN,282/7,126,2.23,draw,AU,Lord's,25 Jun 1953
AU,318,116.3,2.72,draw,EN,Manchester,9 Jul 1953
EN,276,120,2.3,draw,AU,Manchester,9 Jul 1953
AU,35/8,18,1.94,draw,EN,Manchester,9 Jul 1953
EN,167,109.4,1.52,draw,AU,Leeds,23 Jul 1953
AU,266,82.5,3.21,draw,EN,Leeds,23 Jul 1953
EN,275,177.3,1.54,draw,AU,Leeds,23 Jul 1953
AU,147/4,33,4.45,draw,EN,Leeds,23 Jul 1953
AU,275,81.3,3.37,lost,EN,The Oval,15 Aug 1953
EN,306,142.3,2.14,won,AU,The Oval,15 Aug 1953
AU,162,50.5,3.18,lost,EN,The Oval,15 Aug 1953
EN,132/2,63.5,2.06,won,AU,The Oval,15 Aug 1953
AU,601/8d,129.0x8,3.49,won,EN,Brisbane,26 Nov 1954
EN,190,76.1x8,1.87,lost,AU,Brisbane,26 Nov 1954
EN,257,90.1x8,2.13,lost,AU,Brisbane,26 Nov 1954
EN,154,54.3x8,2.12,won,AU,Sydney,17 Dec 1954
AU,228,55.4x8,3.08,lost,EN,Sydney,17 Dec 1954
EN,296,104.3x8,2.12,won,AU,Sydney,17 Dec 1954
AU,184,53.4x8,2.57,lost,EN,Sydney,17 Dec 1954
EN,191,67.6x8,2.11,won,AU,Melbourne,31 Dec 1954
AU,231,63.3x8,2.73,lost,EN,Melbourne,31 Dec 1954
EN,279,100.5x8,2.07,won,AU,Melbourne,31 Dec 1954
AU,111,31.3x8,2.65,lost,EN,Melbourne,31 Dec 1954
AU,323,99.1x8,2.44,lost,EN,Adelaide,28 Jan 1955
EN,341,140.6x8,1.81,won,AU,Adelaide,28 Jan 1955
AU,111,43.2x8,1.92,lost,EN,Adelaide,28 Jan 1955
EN,97/5,30.4x8,2.38,won,AU,Adelaide,28 Jan 1955
EN,371/7d,94.6x8,2.93,draw,AU,Sydney,25 Feb 1955
AU,221,60.4x8,2.73,draw,EN,Sydney,25 Feb 1955
AU,118/6,28.6x8,3.07,draw,EN,Sydney,25 Feb 1955
EN,217/8d,103.4,2.09,draw,AU,Nottingham,7 Jun 1956
AU,148,83.1,1.77,draw,EN,Nottingham,7 Jun 1956
EN,188/3d,61,3.08,draw,AU,Nottingham,7 Jun 1956
AU,120/3,86,1.39,draw,EN,Nottingham,7 Jun 1956
AU,285,146.1,1.94,won,EN,Lord's,21 Jun 1956
EN,171,82,2.08,lost,AU,Lord's,21 Jun 1956
AU,257,92.5,2.76,won,EN,Lord's,21 Jun 1956
EN,186,99.2,1.87,lost,AU,Lord's,21 Jun 1956
EN,325,167.4,1.93,won,AU,Leeds,12 Jul 1956
AU,143,71.1,2,lost,EN,Leeds,12 Jul 1956
AU,140,99.3,1.4,lost,EN,Leeds,12 Jul 1956
EN,459,158.3,2.89,won,AU,Manchester,26 Jul 1956
AU,84,40.4,2.06,lost,EN,Manchester,26 Jul 1956
AU,205,150.2,1.36,lost,EN,Manchester,26 Jul 1956
EN,247,109.2,2.25,draw,AU,The Oval,23 Aug 1956
AU,202,92,2.19,draw,EN,The Oval,23 Aug 1956
EN,182/3d,61,2.98,draw,AU,The Oval,23 Aug 1956
AU,27/5,38.1,0.7,draw,EN,The Oval,23 Aug 1956
EN,134,59.4x8,1.68,lost,AU,Brisbane,5 Dec 1958
AU,186,72.1x8,1.93,won,EN,Brisbane,5 Dec 1958
EN,198,119.2x8,1.24,lost,AU,Brisbane,5 Dec 1958
AU,147/2,51.7x8,2.12,won,EN,Brisbane,5 Dec 1958
EN,259,98.5x8,1.96,lost,AU,Melbourne,31 Dec 1958
AU,308,100.2x8,2.3,won,EN,Melbourne,31 Dec 1958
EN,87,31.2x8,2.08,lost,AU,Melbourne,31 Dec 1958
AU,42/2,17.1x8,1.83,won,EN,Melbourne,31 Dec 1958
EN,219,82.4x8,1.99,draw,AU,Sydney,9 Jan 1959
AU,357,128.2x8,2.08,draw,EN,Sydney,9 Jan 1959
EN,287/7d,109.0x8,1.97,draw,AU,Sydney,9 Jan 1959
AU,54/2,25.0x8,1.62,draw,EN,Sydney,9 Jan 1959
AU,476,128.1x8,2.78,won,EN,Adelaide,30 Jan 1959
EN,240,74.1x8,2.42,lost,AU,Adelaide,30 Jan 1959
EN,270,101.3x8,1.99,lost,AU,Adelaide,30 Jan 1959
AU,36/0,10.3x8,2.6,won,EN,Adelaide,30 Jan 1959
EN,205,64.5x8,2.37,lost,AU,Melbourne,13 Feb 1959
AU,351,100.5x8,2.61,won,EN,Melbourne,13 Feb 1959
EN,214,54.4x8,2.94,lost,AU,Melbourne,13 Feb 1959
AU,69/1,12.7x8,4.01,won,EN,Melbourne,13 Feb 1959
EN,195,84.3,2.3,draw,AU,Birmingham,8 Jun 1961
AU,516/9d,152.5,3.37,draw,EN,Birmingham,8 Jun 1961
EN,401/4,154,2.6,draw,AU,Birmingham,8 Jun 1961
EN,206,78.3,2.62,lost,AU,Lord's,22 Jun 1961
AU,340,139.3,2.43,won,EN,Lord's,22 Jun 1961
EN,202,97,2.08,lost,AU,Lord's,22 Jun 1961
AU,71/5,20.5,3.4,won,EN,Lord's,22 Jun 1961
AU,237,110,2.15,lost,EN,Leeds,6 Jul 1961
EN,299,149,2,won,AU,Leeds,6 Jul 1961
AU,120,52.5,2.27,lost,EN,Leeds,6 Jul 1961
EN,62/2,23,2.69,won,AU,Leeds,6 Jul 1961
AU,190,63.4,2.98,won,EN,Manchester,27 Jul 1961
EN,367,163.4,2.24,lost,AU,Manchester,27 Jul 1961
AU,432,171.4,2.51,won,EN,Manchester,27 Jul 1961
EN,201,71.4,2.8,lost,AU,Manchester,27 Jul 1961
EN,256,118.1,2.16,draw,AU,The Oval,17 Aug 1961
AU,494,165.5,2.97,draw,EN,The Oval,17 Aug 1961
EN,370/8,177,2.09,draw,AU,The Oval,17 Aug 1961
AU,404,106.5x8,2.84,draw,EN,Brisbane,30 Nov 1962
EN,389,135.3x8,2.15,draw,AU,Brisbane,30 Nov 1962
AU,362/4d,87.0x8,3.12,draw,EN,Brisbane,30 Nov 1962
EN,278/6,83.0x8,2.51,draw,AU,Brisbane,30 Nov 1962
AU,316,92.0x8,2.57,lost,EN,Melbourne,29 Dec 1962
EN,331,88.1x8,2.81,won,AU,Melbourne,29 Dec 1962
AU,248,96.0x8,1.93,lost,EN,Melbourne,29 Dec 1962
EN,237/3,64.2x8,2.76,won,AU,Melbourne,29 Dec 1962
EN,279,86.5x8,2.41,lost,AU,Sydney,11 Jan 1963
AU,319,101.2x8,2.36,won,EN,Sydney,11 Jan 1963
EN,104,56.6x8,1.37,lost,AU,Sydney,11 Jan 1963
AU,67/2,12.2x8,4.1,won,EN,Sydney,11 Jan 1963
AU,393,103.1x8,2.85,draw,EN,Adelaide,25 Jan 1963
EN,331,90.2x8,2.75,draw,AU,Adelaide,25 Jan 1963
AU,293,90.3x8,2.43,draw,EN,Adelaide,25 Jan 1963
EN,223/4,57.0x8,2.93,draw,AU,Adelaide,25 Jan 1963
EN,321,134.6x8,1.78,draw,AU,Sydney,15 Feb 1963
AU,349,131.2x8,1.99,draw,EN,Sydney,15 Feb 1963
EN,268/8d,82.0x8,2.45,draw,AU,Sydney,15 Feb 1963
AU,152/4,72.0x8,1.58,draw,EN,Sydney,15 Feb 1963
EN,216/8d,102,2.11,draw,AU,Nottingham,4 Jun 1964
AU,168,78.3,2.14,draw,EN,Nottingham,4 Jun 1964
EN,193/9d,66.5,2.88,draw,AU,Nottingham,4 Jun 1964
AU,40/2,9.2,4.28,draw,EN,Nottingham,4 Jun 1964
AU,176,84,2.09,draw,EN,Lord's,18 Jun 1964
EN,246,99.3,2.47,draw,AU,Lord's,18 Jun 1964
AU,168/4,74,2.27,draw,EN,Lord's,18 Jun 1964
EN,268,103.3,2.58,lost,AU,Leeds,2 Jul 1964
AU,389,158.3,2.45,won,EN,Leeds,2 Jul 1964
EN,229,89.5,2.54,lost,AU,Leeds,2 Jul 1964
AU,111/3,57,1.94,won,EN,Leeds,2 Jul 1964
AU,656/8d,255.5,2.56,draw,EN,Manchester,23 Jul 1964
EN,611,293.1,2.08,draw,AU,Manchester,23 Jul 1964
AU,4/0,2,2,draw,EN,Manchester,23 Jul 1964
EN,182,71.4,2.53,draw,AU,The Oval,13 Aug 1964
AU,379,177.3,2.13,draw,EN,The Oval,13 Aug 1964
EN,381/4,163,2.33,draw,AU,The Oval,13 Aug 1964
AU,443/6d,137.0x8,2.42,draw,EN,Brisbane,10 Dec 1965
EN,280,93.1x8,2.25,draw,AU,Brisbane,10 Dec 1965
EN,186/3,50.0x8,2.79,draw,AU,Brisbane,10 Dec 1965
AU,358,107.5x8,2.49,draw,EN,Melbourne,30 Dec 1965
EN,558,143.2x8,2.92,draw,AU,Melbourne,30 Dec 1965
AU,426,116.4x8,2.74,draw,EN,Melbourne,30 Dec 1965
EN,5/0,2.0x8,1.87,draw,AU,Melbourne,30 Dec 1965
EN,488,122.7x8,2.97,won,AU,Sydney,7 Jan 1966
AU,221,84.1x8,1.97,lost,EN,Sydney,7 Jan 1966
AU,174,60.3x8,2.16,lost,EN,Sydney,7 Jan 1966
EN,241,80.7x8,2.23,lost,AU,Adelaide,28 Jan 1966
AU,516,126.0x8,3.07,won,EN,Adelaide,28 Jan 1966
EN,266,87.7x8,2.27,lost,AU,Adelaide,28 Jan 1966
EN,485/9d,127.0x8,2.86,draw,AU,Melbourne,11 Feb 1966
AU,543/8d,154.2x8,2.64,draw,EN,Melbourne,11 Feb 1966
EN,69/3,17.0x8,3.04,draw,AU,Melbourne,11 Feb 1966
AU,357,130.3,2.73,won,EN,Manchester,6 Jun 1968
EN,165,104.3,1.57,lost,AU,Manchester,6 Jun 1968
AU,220,88,2.5,won,EN,Manchester,6 Jun 1968
EN,253,110,2.3,lost,AU,Manchester,6 Jun 1968
EN,351/7d,144.3,2.42,draw,AU,Lord's,20 Jun 1968
AU,78,33.4,2.31,draw,EN,Lord's,20 Jun 1968
AU,127/4,67,1.89,draw,EN,Lord's,20 Jun 1968
EN,409,172.5,2.36,draw,AU,Birmingham,11 Jul 1968
AU,222,91,2.43,draw,EN,Birmingham,11 Jul 1968
EN,142/3d,42,3.38,draw,AU,Birmingham,11 Jul 1968
AU,68/1,28.2,2.4,draw,EN,Birmingham,11 Jul 1968
AU,315,133.4,2.35,draw,EN,Leeds,25 Jul 1968
EN,302,147,2.05,draw,AU,Leeds,25 Jul 1968
AU,312,154.1,2.02,draw,EN,Leeds,25 Jul 1968
EN,230/4,84,2.73,draw,AU,Leeds,25 Jul 1968
EN,494,201.2,2.45,won,AU,The Oval,22 Aug 1968
AU,324,163.3,1.98,lost,EN,The Oval,22 Aug 1968
EN,181,58.4,3.08,won,AU,The Oval,22 Aug 1968
AU,125,83.3,1.49,lost,EN,The Oval,22 Aug 1968
AU,433,115.3x8,2.81,draw,EN,Brisbane,27 Nov 1970
EN,464,146.5x8,2.37,draw,AU,Brisbane,27 Nov 1970
AU,214,93.5x8,1.71,draw,EN,Brisbane,27 Nov 1970
EN,39/1,15.6x8,1.85,draw,AU,Brisbane,27 Nov 1970
EN,397,133.4x8,2.23,draw,AU,Perth,11 Dec 1970
AU,440,114.5x8,2.87,draw,EN,Perth,11 Dec 1970
EN,287/6d,101.0x8,2.13,draw,AU,Perth,11 Dec 1970
AU,100/3,32.0x8,2.34,draw,EN,Perth,11 Dec 1970
EN,332,94.7x8,2.62,won,AU,Sydney,9 Jan 1971
AU,236,76.6x8,2.3,lost,EN,Sydney,9 Jan 1971
EN,319/5d,94.0x8,2.54,won,AU,Sydney,9 Jan 1971
AU,116,56.5x8,1.53,lost,EN,Sydney,9 Jan 1971
AU,493/9d,128.0x8,2.88,draw,EN,Melbourne,21 Jan 1971
EN,392,137.5x8,2.13,draw,AU,Melbourne,21 Jan 1971
AU,169/4d,46.0x8,2.75,draw,EN,Melbourne,21 Jan 1971
EN,161/0,58.0x8,2.08,draw,AU,Melbourne,21 Jan 1971
EN,470,136.2x8,2.58,draw,AU,Adelaide,29 Jan 1971
AU,235,76.1x8,2.31,draw,EN,Adelaide,29 Jan 1971
EN,233/4d,51.0x8,3.42,draw,AU,Adelaide,29 Jan 1971
AU,328/3,115.0x8,2.13,draw,EN,Adelaide,29 Jan 1971
EN,184,76.0x8,1.81,won,AU,Sydney,12 Feb 1971
AU,264,83.6x8,2.36,lost,EN,Sydney,12 Feb 1971
EN,302,100.7x8,2.24,won,AU,Sydney,12 Feb 1971
AU,160,62.6x8,1.91,lost,EN,Sydney,12 Feb 1971
EN,249,120.4,2.06,won,AU,Manchester,8 Jun 1972
AU,142,58,2.44,lost,EN,Manchester,8 Jun 1972
EN,234,86.2,2.71,won,AU,Manchester,8 Jun 1972
AU,252,85.2,2.95,lost,EN,Manchester,8 Jun 1972
EN,272,91.5,2.96,lost,AU,Lord's,22 Jun 1972
AU,308,122.1,2.52,won,EN,Lord's,22 Jun 1972
EN,116,55.2,2.09,lost,AU,Lord's,22 Jun 1972
AU,81/2,26.5,3.01,won,EN,Lord's,22 Jun 1972
AU,315,118.4,2.65,draw,EN,Nottingham,13 Jul 1972
EN,189,88.3,2.13,draw,AU,Nottingham,13 Jul 1972
AU,324/4d,92,3.52,draw,EN,Nottingham,13 Jul 1972
EN,290/4,148,1.95,draw,AU,Nottingham,13 Jul 1972
AU,146,86.5,1.68,lost,EN,Leeds,27 Jul 1972
EN,263,130.1,2.02,won,AU,Leeds,27 Jul 1972
AU,136,56.1,2.42,lost,EN,Leeds,27 Jul 1972
EN,21/1,10,2.1,won,AU,Leeds,27 Jul 1972
EN,284,92.2,3.07,lost,AU,The Oval,10 Aug 1972
AU,399,151.5,2.62,won,EN,The Oval,10 Aug 1972
EN,356,121.2,2.93,lost,AU,The Oval,10 Aug 1972
AU,242/5,92.2,2.62,won,EN,The Oval,10 Aug 1972
AU,309,92.5x8,2.5,won,EN,Brisbane,29 Nov 1974
EN,265,80.5x8,2.46,lost,AU,Brisbane,29 Nov 1974
AU,288/5d,85.0x8,2.54,won,EN,Brisbane,29 Nov 1974
EN,166,56.5x8,2.19,lost,AU,Brisbane,29 Nov 1974
EN,208,65.3x8,2.38,lost,AU,Perth,13 Dec 1974
AU,481,108.6x8,3.31,won,EN,Perth,13 Dec 1974
EN,293,91.1x8,2.41,lost,AU,Perth,13 Dec 1974
AU,23/1,3.7x8,4.45,won,EN,Perth,13 Dec 1974
EN,242,88.4x8,2.05,draw,AU,Melbourne,26 Dec 1974
AU,241,92.5x8,1.95,draw,EN,Melbourne,26 Dec 1974
EN,244,69.0x8,2.65,draw,AU,Melbourne,26 Dec 1974
AU,238/8,80.0x8,2.23,draw,EN,Melbourne,26 Dec 1974
AU,405,98.7x8,3.07,won,EN,Sydney,4 Jan 1975
EN,295,73.1x8,3.02,lost,AU,Sydney,4 Jan 1975
AU,289/4d,64.3x8,3.36,won,EN,Sydney,4 Jan 1975
EN,228,79.5x8,2.14,lost,AU,Sydney,4 Jan 1975
AU,304,68.2x8,3.34,won,EN,Adelaide,25 Jan 1975
EN,172,46.5x8,2.76,lost,AU,Adelaide,25 Jan 1975
AU,272/5d,66.0x8,3.09,won,EN,Adelaide,25 Jan 1975
EN,241,75.0x8,2.41,lost,AU,Adelaide,25 Jan 1975
AU,152,36.7x8,3.09,lost,EN,Melbourne,8 Feb 1975
EN,529,151.2x8,2.62,won,AU,Melbourne,8 Feb 1975
AU,373,106.7x8,2.61,lost,EN,Melbourne,8 Feb 1975
AU,359,121,2.96,won,EN,Birmingham,10 Jul 1975
EN,101,45.3,2.21,lost,AU,Birmingham,10 Jul 1975
EN,173,75.2,2.29,lost,AU,Birmingham,10 Jul 1975
EN,315,87.4,3.59,draw,AU,Lord's,31 Jul 1975
AU,268,77.4,3.45,draw,EN,Lord's,31 Jul 1975
EN,436/7d,147.4,2.95,draw,AU,Lord's,31 Jul 1975
AU,329/3,109,3.01,draw,EN,Lord's,31 Jul 1975
EN,288,101.2,2.84,draw,AU,Leeds,14 Aug 1975
AU,135,76.5,1.75,draw,EN,Leeds,14 Aug 1975
EN,291,94,3.09,draw,AU,Leeds,14 Aug 1975
AU,220/3,73,3.01,draw,EN,Leeds,14 Aug 1975
AU,532/9d,181,2.93,draw,EN,The Oval,28 Aug 1975
EN,191,69.1,2.76,draw,AU,The Oval,28 Aug 1975
EN,538,233.5,2.3,draw,AU,The Oval,28 Aug 1975
AU,40/2,17.1,2.33,draw,EN,The Oval,28 Aug 1975
EN,216,86.5,2.48,draw,AU,Lord's,16 Jun 1977
AU,296,114.1,2.59,draw,EN,Lord's,16 Jun 1977
EN,305,112.4,2.7,draw,AU,Lord's,16 Jun 1977
AU,114/6,39,2.92,draw,EN,Lord's,16 Jun 1977
AU,297,109.2,2.71,lost,EN,Manchester,7 Jul 1977
EN,437,169.1,2.58,won,AU,Manchester,7 Jul 1977
AU,218,81.5,2.66,lost,EN,Manchester,7 Jul 1977
EN,82/1,29.1,2.81,won,AU,Manchester,7 Jul 1977
AU,243,82.2,2.95,lost,EN,Nottingham,28 Jul 1977
EN,364,124.2,2.92,won,AU,Nottingham,28 Jul 1977
AU,309,127,2.43,lost,EN,Nottingham,28 Jul 1977
EN,189/3,81.2,2.32,won,AU,Nottingham,28 Jul 1977
EN,436,155.4,2.8,won,AU,Leeds,11 Aug 1977
AU,103,31.3,3.26,lost,EN,Leeds,11 Aug 1977
AU,248,89.5,2.76,lost,EN,Leeds,11 Aug 1977
EN,214,101.2,2.11,draw,AU,The Oval,25 Aug 1977
AU,385,131.3,2.92,draw,EN,The Oval,25 Aug 1977
EN,57/2,26,2.19,draw,AU,The Oval,25 Aug 1977
AU,116,37.7x8,2.29,lost,EN,Brisbane,1 Dec 1978
EN,286,95.4x8,2.24,won,AU,Brisbane,1 Dec 1978
AU,339,116.6x8,2.17,lost,EN,Brisbane,1 Dec 1978
EN,170/3,53.5x8,2.37,won,AU,Brisbane,1 Dec 1978
EN,309,117.5x8,1.97,won,AU,Perth,15 Dec 1978
AU,190,66.5x8,2.13,lost,EN,Perth,15 Dec 1978
EN,208,66.3x8,2.35,won,AU,Perth,15 Dec 1978
AU,161,46.1x8,2.61,lost,EN,Perth,15 Dec 1978
AU,258,89.1x8,2.17,won,EN,Melbourne,29 Dec 1978
EN,143,63.6x8,1.68,lost,AU,Melbourne,29 Dec 1978
AU,167,71.2x8,1.75,won,EN,Melbourne,29 Dec 1978
EN,179,67.0x8,2,lost,AU,Melbourne,29 Dec 1978
EN,152,52.6x8,2.16,won,AU,Sydney,6 Jan 1979
AU,294,108.0x8,2.04,lost,EN,Sydney,6 Jan 1979
EN,346,146.6x8,1.76,won,AU,Sydney,6 Jan 1979
AU,111,49.2x8,1.69,lost,EN,Sydney,6 Jan 1979
EN,169,40.4x8,3.12,won,AU,Adelaide,27 Jan 1979
AU,164,53.4x8,2.29,lost,EN,Adelaide,27 Jan 1979
EN,360,142.6x8,1.89,won,AU,Adelaide,27 Jan 1979
AU,160,67.0x8,1.79,lost,EN,Adelaide,27 Jan 1979
AU,198,60.7x8,2.43,lost,EN,Sydney,10 Feb 1979
EN,308,103.0x8,2.24,won,AU,Sydney,10 Feb 1979
AU,143,61.1x8,1.75,lost,EN,Sydney,10 Feb 1979
EN,35/1,10.2x8,2.56,won,AU,Sydney,10 Feb 1979
EN,185,56.4,3.26,lost,AU,Nottingham,18 Jun 1981
AU,179,86.5,2.06,won,EN,Nottingham,18 Jun 1981
EN,125,38.4,3.23,lost,AU,Nottingham,18 Jun 1981
AU,132/6,54.1,2.43,won,EN,Nottingham,18 Jun 1981
EN,311,124.1,2.5,draw,AU,Lord's,2 Jul 1981
AU,345,118.4,2.9,draw,EN,Lord's,2 Jul 1981
EN,265/8d,98.4,2.68,draw,AU,Lord's,2 Jul 1981
AU,90/4,48.5,1.84,draw,EN,Lord's,2 Jul 1981
AU,401/9d,155.2,2.58,lost,EN,Leeds,16 Jul 1981
EN,174,50.5,3.42,won,AU,Leeds,16 Jul 1981
EN,356,87.3,4.06,won,AU,Leeds,16 Jul 1981
AU,111,36.1,3.06,lost,EN,Leeds,16 Jul 1981
EN,189,69.1,2.73,won,AU,Birmingham,30 Jul 1981
AU,258,86.5,2.97,lost,EN,Birmingham,30 Jul 1981
EN,219,92,2.38,won,AU,Birmingham,30 Jul 1981
AU,121,67,1.8,lost,EN,Birmingham,30 Jul 1981
EN,231,86.1,2.68,won,AU,Manchester,13 Aug 1981
AU,130,30.2,4.28,lost,EN,Manchester,13 Aug 1981
EN,404,151.4,2.66,won,AU,Manchester,13 Aug 1981
AU,402,135.5,2.95,lost,EN,Manchester,13 Aug 1981
AU,352,132,2.66,draw,EN,The Oval,27 Aug 1981
EN,314,110.4,2.83,draw,AU,The Oval,27 Aug 1981
AU,344/9d,104.2,3.29,draw,EN,The Oval,27 Aug 1981
EN,261/7,95,2.74,draw,AU,The Oval,27 Aug 1981
EN,411,155.4,2.64,draw,AU,Perth,12 Nov 1982
AU,424/9d,131.5,3.21,draw,EN,Perth,12 Nov 1982
EN,358,116.3,3.07,draw,AU,Perth,12 Nov 1982
AU,73/2,22,3.31,draw,EN,Perth,12 Nov 1982
EN,219,64.3,3.39,lost,AU,Brisbane,26 Nov 1982
AU,341,110.4,3.08,won,EN,Brisbane,26 Nov 1982
EN,309,127.3,2.42,lost,AU,Brisbane,26 Nov 1982
AU,190/3,60.5,3.12,won,EN,Brisbane,26 Nov 1982
AU,438,156.5,2.79,won,EN,Adelaide,10 Dec 1982
EN,216,67.5,3.18,lost,AU,Adelaide,10 Dec 1982
EN,304,104,2.92,lost,AU,Adelaide,10 Dec 1982
AU,83/2,23.5,3.48,won,EN,Adelaide,10 Dec 1982
EN,284,81.3,3.48,won,AU,Melbourne,26 Dec 1982
AU,287,79,3.63,lost,EN,Melbourne,26 Dec 1982
EN,294,80.4,3.64,won,AU,Melbourne,26 Dec 1982
AU,288,96.1,2.99,lost,EN,Melbourne,26 Dec 1982
AU,314,115,2.73,draw,EN,Sydney,2 Jan 1983
EN,237,64.5,3.65,draw,AU,Sydney,2 Jan 1983
AU,382,131.3,2.9,draw,EN,Sydney,2 Jan 1983
EN,314/7,96,3.27,draw,AU,Sydney,2 Jan 1983
AU,331,98.1,3.37,lost,EN,Leeds,13 Jun 1985
EN,533,125,4.26,won,AU,Leeds,13 Jun 1985
AU,324,115.4,2.8,lost,EN,Leeds,13 Jun 1985
EN,123/5,38.4,3.18,won,AU,Leeds,13 Jun 1985
EN,290,99.2,2.91,lost,AU,Lord's,27 Jun 1985
AU,425,124.4,3.4,won,EN,Lord's,27 Jun 1985
EN,261,80,3.26,lost,AU,Lord's,27 Jun 1985
AU,127/6,46,2.76,won,EN,Lord's,27 Jun 1985
EN,456,129.4,3.51,draw,AU,Nottingham,11 Jul 1985
AU,539,201.2,2.67,draw,EN,Nottingham,11 Jul 1985
EN,196/2,68,2.88,draw,AU,Nottingham,11 Jul 1985
AU,257,89.1,2.88,draw,EN,Manchester,1 Aug 1985
EN,482/9d,141,3.41,draw,AU,Manchester,1 Aug 1985
AU,340/5,140,2.42,draw,EN,Manchester,1 Aug 1985
AU,335,113.5,2.94,lost,EN,Birmingham,15 Aug 1985
EN,595/5d,134,4.44,won,AU,Birmingham,15 Aug 1985
AU,142,64.1,2.21,lost,EN,Birmingham,15 Aug 1985
EN,464,118.2,3.92,won,AU,The Oval,29 Aug 1985
AU,241,84,2.86,lost,EN,The Oval,29 Aug 1985
AU,129,46.3,2.77,lost,EN,The Oval,29 Aug 1985
EN,456,134,3.4,won,AU,Brisbane,14 Nov 1986
AU,248,104.4,2.36,lost,EN,Brisbane,14 Nov 1986
AU,282,116.5,2.41,lost,EN,Brisbane,14 Nov 1986
EN,77/3,22.3,3.42,won,AU,Brisbane,14 Nov 1986
EN,592/8d,170.1,3.47,draw,AU,Perth,28 Nov 1986
AU,401,134.4,2.97,draw,EN,Perth,28 Nov 1986
EN,199/8d,53.3,3.71,draw,AU,Perth,28 Nov 1986
AU,197/4,97,2.03,draw,EN,Perth,28 Nov 1986
AU,514/5d,171,3,draw,EN,Adelaide,12 Dec 1986
EN,455,148.4,3.06,draw,AU,Adelaide,12 Dec 1986
AU,201/3d,90,2.23,draw,EN,Adelaide,12 Dec 1986
EN,39/2,23,1.69,draw,AU,Adelaide,12 Dec 1986
AU,141,54.4,2.57,lost,EN,Melbourne,26 Dec 1986
EN,349,120.5,2.88,won,AU,Melbourne,26 Dec 1986
AU,194,73.4,2.63,lost,EN,Melbourne,26 Dec 1986
AU,343,144.5,2.36,won,EN,Sydney,10 Jan 1987
EN,275,94,2.92,lost,AU,Sydney,10 Jan 1987
AU,251,117,2.14,won,EN,Sydney,10 Jan 1987
EN,264,114,2.31,lost,AU,Sydney,10 Jan 1987
AU,601/7d,178.3,3.36,won,EN,Leeds,8 Jun 1989
EN,430,121.5,3.52,lost,AU,Leeds,8 Jun 1989
AU,230/3d,54.5,4.19,won,EN,Leeds,8 Jun 1989
EN,191,55.2,3.45,lost,AU,Leeds,8 Jun 1989
EN,286,86.5,3.29,lost,AU,Lord's,22 Jun 1989
AU,528,158,3.34,won,EN,Lord's,22 Jun 1989
EN,359,130,2.76,lost,AU,Lord's,22 Jun 1989
AU,119/4,40.2,2.95,won,EN,Lord's,22 Jun 1989
AU,424,142,2.98,draw,EN,Birmingham,6 Jul 1989
EN,242,96.3,2.5,draw,AU,Birmingham,6 Jul 1989
AU,158/2,65,2.43,draw,EN,Birmingham,6 Jul 1989
EN,260,103,2.52,lost,AU,Manchester,27 Jul 1989
AU,447,167.5,2.66,won,EN,Manchester,27 Jul 1989
EN,264,110.4,2.38,lost,AU,Manchester,27 Jul 1989
AU,81/1,32.5,2.46,won,EN,Manchester,27 Jul 1989
AU,602/6d,206.3,2.91,won,EN,Nottingham,10 Aug 1989
EN,255,76.5,3.31,lost,AU,Nottingham,10 Aug 1989
EN,167,55.3,3,lost,AU,Nottingham,10 Aug 1989
AU,468,132.3,3.53,draw,EN,The Oval,24 Aug 1989
EN,285,92.1,3.09,draw,AU,The Oval,24 Aug 1989
AU,219/4d,63,3.47,draw,EN,The Oval,24 Aug 1989
EN,143/5,46.1,3.09,draw,AU,The Oval,24 Aug 1989
EN,194,78,2.48,lost,AU,Brisbane,23 Nov 1990
AU,152,63,2.41,won,EN,Brisbane,23 Nov 1990
EN,114,53.1,2.14,lost,AU,Brisbane,23 Nov 1990
AU,157/0,46,3.41,won,EN,Brisbane,23 Nov 1990
EN,352,131.4,2.67,lost,AU,Melbourne,26 Dec 1990
AU,306,112.5,2.71,won,EN,Melbourne,26 Dec 1990
EN,150,73,2.05,lost,AU,Melbourne,26 Dec 1990
AU,197/2,86,2.29,won,EN,Melbourne,26 Dec 1990
AU,518,157,3.29,draw,EN,Sydney,4 Jan 1991
EN,469/8d,172.1,2.72,draw,AU,Sydney,4 Jan 1991
AU,205,89,2.3,draw,EN,Sydney,4 Jan 1991
EN,113/4,25,4.52,draw,AU,Sydney,4 Jan 1991
AU,386,135.2,2.85,draw,EN,Adelaide,25 Jan 1991
EN,229,81.3,2.8,draw,AU,Adelaide,25 Jan 1991
AU,314/6d,104,3.01,draw,EN,Adelaide,25 Jan 1991
EN,335/5,96,3.48,draw,AU,Adelaide,25 Jan 1991
EN,244,66.4,3.66,lost,AU,Perth,1 Feb 1991
AU,307,90.5,3.37,won,EN,Perth,1 Feb 1991
EN,182,61.3,2.95,lost,AU,Perth,1 Feb 1991
AU,120/1,31.2,3.82,won,EN,Perth,1 Feb 1991
AU,289,112.3,2.56,won,EN,Manchester,3 Jun 1993
EN,210,74.5,2.8,lost,AU,Manchester,3 Jun 1993
AU,432/5d,130,3.32,won,EN,Manchester,3 Jun 1993
EN,332,120.2,2.75,lost,AU,Manchester,3 Jun 1993
AU,632/4d,196,3.22,won,EN,Lord's,17 Jun 1993
EN,205,99,2.07,lost,AU,Lord's,17 Jun 1993
EN,365,165.5,2.2,lost,AU,Lord's,17 Jun 1993
EN,321,118.4,2.7,draw,AU,Nottingham,1 Jul 1993
AU,373,108.3,3.43,draw,EN,Nottingham,1 Jul 1993
EN,422/6d,155,2.72,draw,AU,Nottingham,1 Jul 1993
AU,202/6,76,2.65,draw,EN,Nottingham,1 Jul 1993
AU,653/4d,193,3.38,won,EN,Leeds,22 Jul 1993
EN,200,82.5,2.41,lost,AU,Leeds,22 Jul 1993
EN,305,127,2.4,lost,AU,Leeds,22 Jul 1993
EN,276,101.5,2.71,lost,AU,Birmingham,5 Aug 1993
AU,408,149.5,2.72,won,EN,Birmingham,5 Aug 1993
EN,251,133.2,1.88,lost,AU,Birmingham,5 Aug 1993
AU,120/2,43.3,2.75,won,EN,Birmingham,5 Aug 1993
EN,380,101.5,3.73,won,AU,The Oval,19 Aug 1993
AU,303,94.4,3.2,lost,EN,The Oval,19 Aug 1993
EN,313,119.2,2.62,won,AU,The Oval,19 Aug 1993
AU,229,81.1,2.82,lost,EN,The Oval,19 Aug 1993
AU,426,120.2,3.54,won,EN,Brisbane,25 Nov 1994
EN,167,67.2,2.48,lost,AU,Brisbane,25 Nov 1994
AU,248/8d,88,2.81,won,EN,Brisbane,25 Nov 1994
EN,323,137.2,2.35,lost,AU,Brisbane,25 Nov 1994
AU,279,107.3,2.59,won,EN,Melbourne,24 Dec 1994
EN,212,83.4,2.53,lost,AU,Melbourne,24 Dec 1994
AU,320/7d,124,2.58,won,EN,Melbourne,24 Dec 1994
EN,92,42.5,2.14,lost,AU,Melbourne,24 Dec 1994
EN,309,119.2,2.58,draw,AU,Sydney,1 Jan 1995
AU,116,42.5,2.7,draw,EN,Sydney,1 Jan 1995
EN,255/2d,72,3.54,draw,AU,Sydney,1 Jan 1995
AU,344/7,121.4,2.82,draw,EN,Sydney,1 Jan 1995
EN,353,141.3,2.49,won,AU,Adelaide,26 Jan 1995
AU,419,121.5,3.43,lost,EN,Adelaide,26 Jan 1995
EN,328,94.5,3.45,won,AU,Adelaide,26 Jan 1995
AU,156,61.1,2.55,lost,EN,Adelaide,26 Jan 1995
AU,402,135.5,2.95,won,EN,Perth,3 Feb 1995
EN,295,96.3,3.05,lost,AU,Perth,3 Feb 1995
AU,345/8d,90.3,3.81,won,EN,Perth,3 Feb 1995
EN,123,41,3,lost,AU,Perth,3 Feb 1995
AU,118,31.5,3.7,lost,EN,Birmingham,5 Jun 1997
EN,478/9d,138.4,3.44,won,AU,Birmingham,5 Jun 1997
AU,477,144.4,3.29,lost,EN,Birmingham,5 Jun 1997
EN,119/1,21.3,5.53,won,AU,Birmingham,5 Jun 1997
EN,77,42.3,1.81,draw,AU,Lord's,19 Jun 1997
AU,213/7d,61,3.49,draw,EN,Lord's,19 Jun 1997
EN,266/4d,79,3.36,draw,AU,Lord's,19 Jun 1997
AU,235,77.3,3.03,won,EN,Manchester,3 Jul 1997
EN,162,84.4,1.91,lost,AU,Manchester,3 Jul 1997
AU,395/8d,122,3.23,won,EN,Manchester,3 Jul 1997
EN,200,73.4,2.71,lost,AU,Manchester,3 Jul 1997
EN,172,59.4,2.88,lost,AU,Leeds,24 Jul 1997
AU,501/9d,123,4.07,won,EN,Leeds,24 Jul 1997
EN,268,91.1,2.93,lost,AU,Leeds,24 Jul 1997
AU,427,121.5,3.5,won,EN,Nottingham,7 Aug 1997
EN,313,93.5,3.33,lost,AU,Nottingham,7 Aug 1997
AU,336,98.5,3.39,won,EN,Nottingham,7 Aug 1997
EN,186,48.5,3.8,lost,AU,Nottingham,7 Aug 1997
EN,180,56.4,3.17,won,AU,The Oval,21 Aug 1997
AU,220,79.3,2.76,lost,EN,The Oval,21 Aug 1997
EN,163,66.5,2.43,won,AU,The Oval,21 Aug 1997
AU,104,32.1,3.23,lost,EN,The Oval,21 Aug 1997
AU,485,158,3.06,draw,EN,Brisbane,20 Nov 1998
EN,375,128.2,2.92,draw,AU,Brisbane,20 Nov 1998
AU,237/3d,62,3.82,draw,EN,Brisbane,20 Nov 1998
EN,179/6,68,2.63,draw,AU,Brisbane,20 Nov 1998
EN,112,39,2.87,lost,AU,Perth,28 Nov 1998
AU,240,89.2,2.68,won,EN,Perth,28 Nov 1998
EN,191,70.2,2.71,lost,AU,Perth,28 Nov 1998
AU,64/3,23,2.78,won,EN,Perth,28 Nov 1998
AU,391,125.5,3.1,won,EN,Adelaide,11 Dec 1998
EN,227,82.5,2.74,lost,AU,Adelaide,11 Dec 1998
AU,278/5d,98,2.83,won,EN,Adelaide,11 Dec 1998
EN,237,89,2.66,lost,AU,Adelaide,11 Dec 1998
EN,270,76,3.55,won,AU,Melbourne,26 Dec 1998
AU,340,98.3,3.45,lost,EN,Melbourne,26 Dec 1998
EN,244,80.2,3.03,won,AU,Melbourne,26 Dec 1998
AU,162,46.4,3.47,lost,EN,Melbourne,26 Dec 1998
AU,322,87.3,3.68,won,EN,Sydney,2 Jan 1999
EN,220,80.1,2.74,lost,AU,Sydney,2 Jan 1999
AU,184,64.5,2.83,won,EN,Sydney,2 Jan 1999
EN,188,66.1,2.84,lost,AU,Sydney,2 Jan 1999
EN,294,65.3,4.48,lost,AU,Birmingham,5 Jul 2001
AU,576,129.4,4.44,won,EN,Birmingham,5 Jul 2001
EN,164,42.1,3.88,lost,AU,Birmingham,5 Jul 2001
EN,187,63.3,2.94,lost,AU,Lord's,19 Jul 2001
AU,401,101.1,3.96,won,EN,Lord's,19 Jul 2001
EN,227,66,3.43,lost,AU,Lord's,19 Jul 2001
AU,14/2,3.1,4.42,won,EN,Lord's,19 Jul 2001
EN,185,52.5,3.5,lost,AU,Nottingham,2 Aug 2001
AU,190,54.5,3.46,won,EN,Nottingham,2 Aug 2001
EN,162,57,2.84,lost,AU,Nottingham,2 Aug 2001
AU,158/3,29.2,5.38,won,EN,Nottingham,2 Aug 2001
AU,447,100.1,4.46,lost,EN,Leeds,16 Aug 2001
EN,309,94.2,3.27,won,AU,Leeds,16 Aug 2001
AU,176/4d,39.3,4.45,lost,EN,Leeds,16 Aug 2001
EN,315/4,73.2,4.29,won,AU,Leeds,16 Aug 2001
AU,641/4d,152,4.21,won,EN,The Oval,23 Aug 2001
EN,432,118.2,3.65,lost,AU,The Oval,23 Aug 2001
EN,184,68.3,2.68,lost,AU,The Oval,23 Aug 2001
AU,492,130.2,3.77,won,EN,Brisbane,7 Nov 2002
EN,325,106.5,3.04,lost,AU,Brisbane,7 Nov 2002
AU,296/5d,71,4.16,won,EN,Brisbane,7 Nov 2002
EN,79,28.2,2.78,lost,AU,Brisbane,7 Nov 2002
EN,342,115.5,2.95,lost,AU,Adelaide,21 Nov 2002
AU,552/9d,139.2,3.96,won,EN,Adelaide,21 Nov 2002
EN,159,59.2,2.67,lost,AU,Adelaide,21 Nov 2002
EN,185,64.2,2.87,lost,AU,Perth,29 Nov 2002
AU,456,99.1,4.59,won,EN,Perth,29 Nov 2002
EN,223,82.1,2.71,lost,AU,Perth,29 Nov 2002
AU,551/6d,146,3.77,won,EN,Melbourne,26 Dec 2002
EN,270,89.3,3.01,lost,AU,Melbourne,26 Dec 2002
EN,387,120.4,3.2,lost,AU,Melbourne,26 Dec 2002
AU,107/5,23.1,4.61,won,EN,Melbourne,26 Dec 2002
EN,362,127,2.85,won,AU,Sydney,2 Jan 2003
AU,363,80.3,4.5,lost,EN,Sydney,2 Jan 2003
EN,452/9d,125.3,3.6,won,AU,Sydney,2 Jan 2003
AU,226,54,4.18,lost,EN,Sydney,2 Jan 2003
AU,190,40.2,4.71,won,EN,Lord's,21 Jul 2005
EN,155,48.1,3.21,lost,AU,Lord's,21 Jul 2005
AU,384,100.4,3.81,won,EN,Lord's,21 Jul 2005
EN,180,58.1,3.09,lost,AU,Lord's,21 Jul 2005
EN,407,79.2,5.13,won,AU,Birmingham,4 Aug 2005
AU,308,76,4.05,lost,EN,Birmingham,4 Aug 2005
EN,182,52.1,3.48,won,AU,Birmingham,4 Aug 2005
AU,279,64.3,4.32,lost,EN,Birmingham,4 Aug 2005
EN,444,113.2,3.91,draw,AU,Manchester,11 Aug 2005
AU,302,84.5,3.55,draw,EN,Manchester,11 Aug 2005
EN,280/6d,61.5,4.52,draw,AU,Manchester,11 Aug 2005
AU,371/9,108,3.43,draw,EN,Manchester,11 Aug 2005
EN,477,123.1,3.87,won,AU,Nottingham,25 Aug 2005
AU,218,49.1,4.43,lost,EN,Nottingham,25 Aug 2005
AU,387,124,3.12,lost,EN,Nottingham,25 Aug 2005
EN,129/7,31.5,4.05,won,AU,Nottingham,25 Aug 2005
EN,373,105.3,3.53,draw,AU,The Oval,8 Sep 2005
AU,367,107.1,3.42,draw,EN,The Oval,8 Sep 2005
EN,335,91.3,3.66,draw,AU,The Oval,8 Sep 2005
AU,4/0,0.4,6,draw,EN,The Oval,8 Sep 2005
AU,602/9d,155,3.88,won,EN,Brisbane,23 Nov 2006
EN,157,61.1,2.56,lost,AU,Brisbane,23 Nov 2006
AU,202/1d,45.1,4.47,won,EN,Brisbane,23 Nov 2006
EN,370,100.1,3.69,lost,AU,Brisbane,23 Nov 2006
EN,551/6d,168,3.27,lost,AU,Adelaide,1 Dec 2006
AU,513,165.3,3.09,won,EN,Adelaide,1 Dec 2006
EN,129,73,1.76,lost,AU,Adelaide,1 Dec 2006
AU,168/4,32.5,5.11,won,EN,Adelaide,1 Dec 2006
AU,244,71,3.43,won,EN,Perth,14 Dec 2006
EN,215,64.1,3.35,lost,AU,Perth,14 Dec 2006
AU,527/5d,112,4.7,won,EN,Perth,14 Dec 2006
EN,350,122.2,2.86,lost,AU,Perth,14 Dec 2006
EN,159,74.2,2.13,lost,AU,Melbourne,26 Dec 2006
AU,419,108.3,3.86,won,EN,Melbourne,26 Dec 2006
EN,161,65.5,2.44,lost,AU,Melbourne,26 Dec 2006
EN,291,103.4,2.8,lost,AU,Sydney,2 Jan 2007
AU,393,96.3,4.07,won,EN,Sydney,2 Jan 2007
EN,147,58,2.53,lost,AU,Sydney,2 Jan 2007
AU,46/0,10.5,4.24,won,EN,Sydney,2 Jan 2007
EN,435,106.5,4.07,draw,AU,Cardiff,8 Jul 2009
AU,674/6d,181,3.72,draw,EN,Cardiff,8 Jul 2009
EN,252/9,105,2.4,draw,AU,Cardiff,8 Jul 2009
EN,425,101.4,4.18,won,AU,Lord's,16 Jul 2009
AU,215,63,3.41,lost,EN,Lord's,16 Jul 2009
EN,311/6d,71.2,4.35,won,AU,Lord's,16 Jul 2009
AU,406,107,3.79,lost,EN,Lord's,16 Jul 2009
AU,263,70.4,3.72,draw,EN,Birmingham,30 Jul 2009
EN,376,93.3,4.02,draw,AU,Birmingham,30 Jul 2009
AU,375/5,112.2,3.33,draw,EN,Birmingham,30 Jul 2009
EN,102,33.5,3.01,lost,AU,Leeds,7 Aug 2009
AU,445,104.1,4.27,won,EN,Leeds,7 Aug 2009
EN,263,61.3,4.27,lost,AU,Leeds,7 Aug 2009
EN,332,90.5,3.65,won,AU,The Oval,20 Aug 2009
AU,160,52.5,3.02,lost,EN,The Oval,20 Aug 2009
EN,373/9d,95,3.92,won,AU,The Oval,20 Aug 2009
AU,348,102.2,3.4,lost,EN,The Oval,20 Aug 2009
EN,260,76.5,3.38,draw,AU,Brisbane,25 Nov 2010
AU,481,158.4,3.03,draw,EN,Brisbane,25 Nov 2010
EN,517/1d,152,3.4,draw,AU,Brisbane,25 Nov 2010
AU,107/1,26,4.11,draw,EN,Brisbane,25 Nov 2010
AU,245,85.5,2.85,lost,EN,Adelaide,3 Dec 2010
EN,620/5d,152,4.07,won,AU,Adelaide,3 Dec 2010
AU,304,99.1,3.06,lost,EN,Adelaide,3 Dec 2010
AU,268,76,3.52,won,EN,Perth,16 Dec 2010
EN,187,62.3,2.99,lost,AU,Perth,16 Dec 2010
AU,309,86,3.59,won,EN,Perth,16 Dec 2010
EN,123,37,3.32,lost,AU,Perth,16 Dec 2010
AU,98,42.5,2.28,lost,EN,Melbourne,26 Dec 2010
EN,513,159.1,3.22,won,AU,Melbourne,26 Dec 2010
AU,258,85.4,3.01,lost,EN,Melbourne,26 Dec 2010
AU,280,106.1,2.63,lost,EN,Sydney,3 Jan 2011
EN,644,177.5,3.62,won,AU,Sydney,3 Jan 2011
AU,281,84.4,3.31,lost,EN,Sydney,3 Jan 2011
EN,215,59,3.64,won,AU,Nottingham,10 Jul 2013
AU,280,64.5,4.31,lost,EN,Nottingham,10 Jul 2013
EN,375,149.5,2.5,won,AU,Nottingham,10 Jul 2013
AU,296,110.5,2.67,lost,EN,Nottingham,10 Jul 2013
EN,361,100.1,3.6,won,AU,Lord's,18 Jul 2013
AU,128,53.3,2.39,lost,EN,Lord's,18 Jul 2013
EN,349/7d,114.1,3.05,won,AU,Lord's,18 Jul 2013
AU,235,90.3,2.59,lost,EN,Lord's,18 Jul 2013
AU,527/7d,146,3.6,draw,EN,Manchester,1 Aug 2013
EN,368,139.3,2.63,draw,AU,Manchester,1 Aug 2013
AU,172/7d,36,4.77,draw,EN,Manchester,1 Aug 2013
EN,37/3,20.3,1.8,draw,AU,Manchester,1 Aug 2013
EN,238,92,2.58,won,AU,Chester-le-Street,9 Aug 2013
AU,270,89.3,3.01,lost,EN,Chester-le-Street,9 Aug 2013
EN,330,95.1,3.46,won,AU,Chester-le-Street,9 Aug 2013
AU,224,68.3,3.27,lost,EN,Chester-le-Street,9 Aug 2013
AU,492/9d,128.5,3.81,draw,EN,The Oval,21 Aug 2013
EN,377,144.4,2.6,draw,AU,The Oval,21 Aug 2013
AU,111/6d,23,4.82,draw,EN,The Oval,21 Aug 2013
EN,206/5,40,5.15,draw,AU,The Oval,21 Aug 2013
AU,295,97.1,3.03,won,EN,Brisbane,21 Nov 2013
EN,136,52.4,2.58,lost,AU,Brisbane,21 Nov 2013
AU,401/7d,94,4.26,won,EN,Brisbane,21 Nov 2013
EN,179,81.1,2.2,lost,AU,Brisbane,21 Nov 2013
AU,570/9d,158,3.6,won,EN,Adelaide,5 Dec 2013
EN,172,68.2,2.51,lost,AU,Adelaide,5 Dec 2013
AU,132/3d,39,3.38,won,EN,Adelaide,5 Dec 2013
EN,312,101.4,3.06,lost,AU,Adelaide,5 Dec 2013
AU,385,103.3,3.71,won,EN,Perth,13 Dec 2013
EN,251,88,2.85,lost,AU,Perth,13 Dec 2013
AU,369/6d,87,4.24,won,EN,Perth,13 Dec 2013
EN,353,103.2,3.41,lost,AU,Perth,13 Dec 2013
EN,255,100,2.55,lost,AU,Melbourne,26 Dec 2013
AU,204,82.2,2.47,won,EN,Melbourne,26 Dec 2013
EN,179,61,2.93,lost,AU,Melbourne,26 Dec 2013
AU,231/2,51.5,4.45,won,EN,Melbourne,26 Dec 2013
AU,326,76,4.28,won,EN,Sydney,3 Jan 2014
EN,155,58.5,2.63,lost,AU,Sydney,3 Jan 2014
AU,276,61.3,4.48,won,EN,Sydney,3 Jan 2014
EN,166,31.4,5.24,lost,AU,Sydney,3 Jan 2014
EN,430,102.1,4.2,won,AU,Cardiff,8 Jul 2015
AU,308,84.5,3.63,lost,EN,Cardiff,8 Jul 2015
EN,289,70.1,4.11,won,AU,Cardiff,8 Jul 2015
AU,242,70.3,3.43,lost,EN,Cardiff,8 Jul 2015
AU,566/8d,149,3.79,won,EN,Lord's,16 Jul 2015
EN,312,90.1,3.46,lost,AU,Lord's,16 Jul 2015
AU,254/2d,49,5.18,won,EN,Lord's,16 Jul 2015
EN,103,37,2.78,lost,AU,Lord's,16 Jul 2015
AU,136,36.4,3.70,lost,EN,Birmingham,29 Jul 2015
EN,281,67.1,4.18,won,AU,Birmingham,29 Jul 2015
AU,265,79.1,3.34,lost,EN,Birmingham,29 Jul 2015
EN,124/2,32.1,3.85,won,AU,Birmingham,29 Jul 2015